<?xml version="1.0" encoding="utf-8"?>
<!-- Created 2018-02-09T13:32:42.772+01:00-->
<!DOCTYPE tnsarticle PUBLIC "-//IBFD//ELEMENTS TNS//EN" "http://dtd.ibfd.org/dtd/tns/tnsarticle.dtd">
<tnsarticle guid="tns_2018-02-08_do_5" suppress-in-treaty-news="n" reporttype="standard" tns-report-hilites="no" tns-mli-hilites="no">
			<tnsarticleinfo>
			<countrylist main="do">
				<country cc="do"><countryname>Dominican Republic</countryname></country>
			</countrylist>
			<topics>
			<topic tc="2_18_23" score="3">Anti-Money Laundering</topic></topics>
			<onlinetitle>Executive Decree expanding implementation of Anti-Money Laundering Law</onlinetitle>
			<articledate isodate="20180208">8 February 2018</articledate>
			<author initials="MC"/>
			<correspondent>Report from our correspondent Mariano Corral, FITS Financial &amp; Tax Services, Dominican Republic</correspondent>
			
			<reference><extxref target="tns_2017-10-10_do_3">Dominican Republic-3, News 10 October 2017</extxref></reference>
			<reference><extxref target="gthc_do_s_7.6.">Dominican Republic - Business and Investment Surveys section 7.6.</extxref></reference>
			<reference><extxref target="gtha_do_s_7.">Dominican Republic - Corporate Taxation - Country Surveys section 7.</extxref></reference>
			<source>http://dgii.gov.do/legislacion/prevencionDeLavado/marcoLegal/Documents/Decreto408-17.pdf</source>
			</tnsarticleinfo>
			<tnsarticletext>
			<p>On 18 December 2017, the President issued a <url target="http://dgii.gov.do/legislacion/prevencionDeLavado/marcoLegal/Documents/Decreto408-17.pdf">Ministerial Decree 408-17</url>, regarding the implementation of the Law 155-17 on Anti-money Laundering and the Combating of Terrorism (<emph type="i">Reglamento de aplicación de la ley núm. 155-17 contra el lavado de activos, el financiamiento del terrorismo y la proliferación de armas de destrucción masiva,</emph> "Reglamento") (<emph type="i">see</emph> <extxref target="tns_2017-10-10_do_3">Dominican Republic-3, News 10 October 2017</extxref>).</p>
			<p>Details of the main aspects of the "Reglamento" are summarized below:</p>
			
<list type="dash">
<item><label>-</label>All affected persons must identify all physical persons as beneficial owners if the physical persons have, either legally or factually, a participation in a legal entity representing at least 20% of the issued capital.</item>
<item><label>-</label>If it is not possible to determine the beneficial owners, all affected persons must identify and verify the identity of the physical person(s) exercising control through other means.</item>
<item><label>-</label>If it is impossible to identify any individual, according to the abovementioned criteria, the individuals who occupy the position(s) with the highest level of management and authority, would be considered to be the beneficial owners.</item>
<item><label>-</label>The data of the beneficial owners shall be submitted to the Tax Administration (DGII) annually, as an annex to the affidavit of the reporting entity. However, if a change arises in the beneficial owner of the reporting entity, the Tax Administration must be notified within a period not exceeding 6 months from the change.</item>
<item><label>-</label>The Financial Analysis Unit (UAF) and the Prosecutor's Office may request the information of the beneficial owner either from the affected persons or through the DGII.</item>
<item><label>-</label>A criminal tax offense is deemed to occur if the amount of tax involved relating to a fiscal year is equal or higher than the sum of 700 minimum salaries for the private sector.</item>
<item><label>-</label>The precautionary measures on assets, whether real estate or movable property, must be ordered by a judge or, in exceptional cases, by the Prosecutor's Office.</item>
<item><label>-</label>All mandatory financial institutions should implement a client due diligence procedure:
<list type="dash">
<item><label>-</label>for all customers who establish or pretend to establish, commercial or professional relationships with customers;</item>
<item><label>-</label>with regard to suspect money laundering and/or the financing of terrorism motives;</item>
<item><label>-</label>in case of doubts concerning the veracity of the customer identification data; and</item>
<item><label>-</label>for occasional transactions equal or above USD 15,000 in a single operation or in several operations during a 24 hours period.</item>
</list>
</item>
</list>
<p>For the insurance, reinsurance and insurance brokers sector, due diligence of the client will apply only to life insurance and insurance products that contemplate an investment component.</p>
			<p>All mandatory non-financial entities should also implement a due diligence procedure but only for certain cases.</p>
			<p/>
			</tnsarticletext>
			</tnsarticle>
