<?xml version="1.0" encoding="utf-8"?>
<!-- Created 2018-02-08T09:16:57.373+01:00-->
<!DOCTYPE tnsarticle PUBLIC "-//IBFD//ELEMENTS TNS//EN" "http://dtd.ibfd.org/dtd/tns/tnsarticle.dtd">
<tnsarticle guid="tns_2018-02-08_cr_1" suppress-in-treaty-news="n" reporttype="standard" tns-report-hilites="no"><tnsarticleinfo>
			<countrylist main="cr">
				<country cc="cr"><countryname>Costa Rica</countryname></country>
			</countrylist>
			<topics>
			<topic tc="1_5_22" score="3">Excise Duties</topic></topics>
			<onlinetitle>Specific tax on alcoholic beverages – rates increased</onlinetitle>
			<articledate isodate="20180208">8 February 2018</articledate>
			<author initials="DCM"/>
			<correspondent>Report from our correspondent Bernal Rodriguez, Independent Tax Advisor, San Jose</correspondent>
			<reference><extxref target="gtha_cr_s_9.5.">Costa Rica - Corporate Taxation - Country Surveys section 9.5.</extxref></reference>
			<reference><extxref target="cta_cr_s_14.5.">Costa Rica - Corporate Taxation - Country Analyses section 14.5.</extxref></reference>
			<source><emph type="i">Official Gazette</emph></source>
			</tnsarticleinfo>
			<tnsarticletext>
			<p>On 31 January 2018, Resolution <url target="http://www.imprentanacional.go.cr/pub/2018/01/31/ALCA21_31_01_2018.pdf" alttext="RES-DGH-001-2018">RES-DGH-001-2018</url> was published in the Official Gazette. The resolution provides for an increase of 1.19% in the specific tax levied on alcoholic beverages, pursuant to article 1 of Law 7972. The rates are as follows:</p>
			<p/>
			<table anchor="tns_2018-02-08_cr_1_t1" orient="port" frame="none" style="width:334pt"><tgroup cols="4"><colspec colnum="1" colname="col1" colwidth="1.5*"/><colspec colnum="2" colname="col2" colwidth=".4*"/><colspec colnum="3" colname="col3" colwidth="1*"/><colspec colnum="4" colname="col4" colwidth="2.4*"/><thead><row rowsep="1"><entry namest="col1" nameend="col3" align="left" valign="top" rowsep="0"><p>Percentage of alcohol per volume</p>
			</entry><entry colname="col4" align="left" valign="top" rowsep="0"><p>Tax (CRC per millilitre of absolute alcohol)</p>
			</entry></row></thead><tbody><row rowsep="0"><entry colname="col1" align="left" valign="top" rowsep="0"><p>up to</p>
			</entry><entry colname="col2" align="left" valign="top" rowsep="0"><p/>
			</entry><entry colname="col3" align="left" valign="top" rowsep="0"><p>15%</p>
			</entry><entry colname="col4" align="left" valign="top" rowsep="0"><p>3.29 </p>
			</entry></row><row rowsep="0"><entry colname="col1" align="left" valign="top" rowsep="0"><p>15%</p>
			</entry><entry colname="col2" align="left" valign="top" rowsep="0"><p>–</p>
			</entry><entry colname="col3" align="left" valign="top" rowsep="0"><p>30%</p>
			</entry><entry colname="col4" align="left" valign="top" rowsep="0"><p>3.94</p>
			</entry></row><row rowsep="0"><entry colname="col1" align="left" valign="top" rowsep="0"><p>over</p>
			</entry><entry colname="col2" align="left" valign="top" rowsep="0"><p/>
			</entry><entry colname="col3" align="left" valign="top" rowsep="0"><p>30%</p>
			</entry><entry colname="col4" align="left" valign="top" rowsep="0"><p>4.58</p>
			</entry></row></tbody></tgroup></table><p>The Resolution is effective from 1 February 2018.</p>
			<p/>
			</tnsarticletext>
			</tnsarticle>
