<?xml version="1.0" encoding="utf-8"?>
<!-- Created 2018-02-08T10:49:15.233+01:00-->
<!DOCTYPE tnsarticle PUBLIC "-//IBFD//ELEMENTS TNS//EN" "http://dtd.ibfd.org/dtd/tns/tnsarticle.dtd">
<tnsarticle guid="tns_2018-02-08_md_1" suppress-in-treaty-news="n" reporttype="standard" tns-report-hilites="no" tns-mli-hilites="no">
			<tnsarticleinfo>
			<countrylist main="md">
				<country cc="md"><countryname>Moldova</countryname></country>
			</countrylist>
			<topics>
			<topic tc="2_17_2" score="3">Filings / Returns</topic></topics>
			<onlinetitle>Income tax return for persons carrying on professional activities in field of justice – new form approved</onlinetitle>
			<articledate isodate="20180208">8 February 2018</articledate>
			<author initials="kt"/>
			<correspondent>Report from our correspondent Mr Vasile Foltea</correspondent>
			<reference><extxref target="gtha_md_s_1.8.2.">Moldova - Corporate Taxation - Country Surveys section 1.8.2.</extxref></reference>
			<reference><extxref target="gthb_md_s_1.10.2.">Moldova - Individual Taxation - Country Surveys section 1.10.2.</extxref></reference>
			<source>correspondent</source>
			</tnsarticleinfo>
			<tnsarticletext>
			<p>On 26 January 2018, Order of the Ministry of Finance No. 9 of 15 January 2018 on the approval of Form DAJ17 (income tax return for persons carrying on professional activities in the field of justice) was published in Official Gazette No. 27-32.</p>
			<p>Form DAJ17 will replace Form CNOTAREX15 and will be used to report income received and income tax payable by the following persons:</p>
			
<list type="dash">
<item><label>-</label>notaries;</item>
<item><label>-</label>bailiffs;</item>
<item><label>-</label>lawyers;</item>
<item><label>-</label>authorized administrators;</item>
<item><label>-</label>mediators, and</item>
<item><label>-</label>expert witnesses.</item>
</list>
<p>Form DAJ17 must be used for the tax year 2017.</p>
			<p/>
			<p/>
			</tnsarticletext>
			</tnsarticle>
