<?xml version="1.0" encoding="utf-8"?>
<!-- Created 2018-02-08T15:07:06.935+01:00-->
<!DOCTYPE tnsarticle PUBLIC "-//IBFD//ELEMENTS TNS//EN" "http://dtd.ibfd.org/dtd/tns/tnsarticle.dtd">
<tnsarticle guid="tns_2018-02-08_az_1" suppress-in-treaty-news="n" reporttype="standard" tns-report-hilites="no" tns-mli-hilites="no">
			<tnsarticleinfo>
			<countrylist main="az">
				<country cc="az"><countryname>Azerbaijan</countryname></country>
			</countrylist>
			<topics>
			<topic tc="1_5_12_1" score="3">Employer</topic><topic tc="1_5_12_2" score="3">Employee</topic></topics>
			<onlinetitle>Compliance rules regarding unemployment insurance established</onlinetitle>
			<articledate isodate="20180208">8 February 2018</articledate>
			<author initials="kt"/>
			<correspondent>Report from our correspondent Seb Fazli, Groningen, Netherlands</correspondent>
			<reference><extxref target="tns_2017-06-08_az_3" alttext="&lt;!DOCTYPE html&gt;&#10;&lt;html lang=">Azerbaijan-3, News 8 June 2017</extxref></reference>
			<reference><extxref target="tns_2017-08-11_az_1" alttext="&lt;!DOCTYPE html&gt;&#10;&lt;html lang=">Azerbaijan-1, News 11 August 2017</extxref></reference>
			<reference><extxref target="gtha_az_s_4.2.">Azerbaijan - Corporate Taxation - Country Surveys section 4.2.</extxref></reference>
			<reference><extxref target="gthb_az_s_3.">Azerbaijan - Individual Taxation - Country Surveys section 3.</extxref></reference>
			<source>correspondent</source>
			</tnsarticleinfo>
			<tnsarticletext>
			<p>On 6 January 2018, Decree of the Cabinet of Ministers No. 618 of 29 December 2017 (the Decree) was published in Official Gazette (<emph type="i">Khalgh Ghazety</emph>) No. 2 (28678). The Decree establishes compliance rules regarding the record keeping and reporting obligations imposed by law on compulsory unemployment insurance.</p>
			<p>According to the Decree, registered employers should keep records of monthly calculated and paid amounts of unemployment insurance contributions per employee.</p>
			<p>In addition, registered employers should submit reports on calculated and paid contribution amounts (simultaneously with reports on mandatory social insurance) to the Social Security Protection Fund (SSPF) on a quarterly basis according to the rules determined by the Ministry of Labour and Social Protection (MLSP).</p>
			<p>According to Resolution of the Collegium of the MLSP No. 18-2 of 20 December 2017 (the Resolution), the employer should submit reports containing the following details to the SSPF:</p>
			
<list type="dash">
<item><label>-</label>identification information of the employer and the person submitting the report; and</item>
<item><label>-</label>the calculated, paid, recovered, frozen, eliminated, overdue and overpaid amounts of unemployment insurance contributions and related administrative penalties.</item>
</list>
<p>The Resolution stipulates that employers should submit such reports on a quarterly basis, not later than the 20th day of the month following the reporting quarter (calendar quarter). If the deadline for submission falls on a weekend or a public holiday, the first working day after such weekend or public holiday is considered the day of the deadline.</p>
			<p>The Decree is effective from 1 January 2018.</p>
			<p>For previous coverage, <emph type="i">see</emph> <extxref target="tns_2017-06-08_az_3" alttext="&lt;!DOCTYPE html&gt;&#10;&lt;html lang=">Azerbaijan-3, News 8 June 2017</extxref> and <extxref target="tns_2017-08-11_az_1" alttext="&lt;!DOCTYPE html&gt;&#10;&lt;html lang=">Azerbaijan-1, News 11 August 2017</extxref>.</p>
			<p/>
			<p/>
			</tnsarticletext>
			</tnsarticle>
