<?xml version="1.0" encoding="utf-8"?>
<!-- Created 2018-02-08T16:31:14.3+01:00-->
<!DOCTYPE tnsarticle PUBLIC "-//IBFD//ELEMENTS TNS//EN" "http://dtd.ibfd.org/dtd/tns/tnsarticle.dtd">
<tnsarticle guid="tns_2018-02-08_aw_1" suppress-in-treaty-news="n" reporttype="standard" tns-report-hilites="no" tns-mli-hilites="no">
			<tnsarticleinfo>
			<countrylist main="aw">
				<country cc="aw"><countryname>Aruba</countryname></country>
			</countrylist>
			<topics>
			<topic tc="1_1" score="3">Corporate Taxation</topic><topic tc="1_2" score="3">Individual Taxation</topic><topic tc="2_18_2" score="3">Investment</topic></topics>
			<onlinetitle>Plan for more efficient tax system promoting economic growth and sustainable public finances</onlinetitle>
			<articledate isodate="20180208">8 February 2018</articledate>
			<author initials="SvT"/>
			<correspondent>Report from Sandy van Thol, IBFD Regional Caribbean Editor, Sotto Voce Business &amp; Tax Solutions VBA, Aruba</correspondent>
			<reference><extxref target="gtha_aw_ss_1">Aruba - Corporate Taxation - Country Surveys</extxref></reference>
			<reference><extxref target="gthb_aw_ss_1">Aruba - Individual Taxation - Country Surveys</extxref></reference>
			<reference><extxref target="gthc_aw_s_1.">Aruba - Business and Investment Surveys section 1.</extxref></reference>
			<source>http://www.cft.cw/jdownloads/All%20downloads/Adviezen/Aruba/cft_201800009_bericht_naar_aanleiding_van_artikel_11_lid_4_laft.pdf</source>
			</tnsarticleinfo>
			<tnsarticletext>
			<p>In a <url target="http://www.cft.cw/jdownloads/All%20downloads/Adviezen/Aruba/cft_201800009_bericht_naar_aanleiding_van_artikel_11_lid_4_laft.pdf">letter</url> dated 10 January 2018, from the Financial Supervision Board of Aruba (Caft) to the Minister of Finance, Economic Affairs and Culture, it is stated that the government is currently working on a plan to improve savings measures, particularly those aimed at limiting expenditure.</p>
			<p>Furthermore, the plan will include a proposal for a more efficient tax system that will guarantee economic growth and the long-term sustainability of public finances.</p>
			<p>The plan is scheduled to be implemented in 2018.</p>
			<p/>
			</tnsarticletext>
			</tnsarticle>
