<?xml version="1.0" encoding="utf-8"?>
<!-- Created 2018-02-09T17:15:29.582+01:00-->
<!DOCTYPE tnsarticle PUBLIC "-//IBFD//ELEMENTS TNS//EN" "http://dtd.ibfd.org/dtd/tns/tnsarticle.dtd">
<tnsarticle guid="tns_2018-02-08_ru_1" suppress-in-treaty-news="n" reporttype="standard" tns-report-hilites="no" tns-mli-hilites="no">
			<tnsarticleinfo>
			<countrylist main="ru">
				<country cc="ru"><countryname>Russia</countryname></country>
			</countrylist>
			<topics>
			<topic tc="2_17_33" score="3">Interest &amp; Penalties</topic><topic tc="2_17_31_11" score="3">Refunds</topic></topics>
			<onlinetitle>Offset of overpaid tax against taxpayer's liabilities – MoF clarifications</onlinetitle>
			<articledate isodate="20180208">8 February 2018</articledate>
			<author initials="kt"/>
			<correspondent>Report from Kristina Trouch, Associate, IBFD</correspondent>
			<reference><extxref target="gtha_ru_s_1.8.3.">Russia - Corporate Taxation - Country Surveys section 1.8.3.</extxref></reference>
			<reference><extxref target="gthb_ru_s_1.10.3.">Russia - Individual Taxation - Country Surveys section 1.10.3.</extxref></reference>
			<reference><extxref target="cta_ru_s_1.11.4.">Russia - Corporate Taxation - Country Analyses sections 1.11.4.</extxref>, <extxref target="cta_ru_s_1.11.5.">1.11.5.</extxref></reference>
			<reference><extxref target="ita_ru_s_1.11.4.">Russia - Individual Taxation - Country Analyses sections 1.11.4.</extxref>, <extxref target="ita_ru_s_1.11.5.">1.11.5.</extxref></reference>
			<source>http://nalogkodeks.ru/nezavisimo-ot-davnosti-vozniknoveniya-zadolzhennost-mozhet-byt-pogashena-za-schet-summy-izlishne-uplachennogo-naloga/</source>
			</tnsarticleinfo>
			<tnsarticletext>
			<p>On 25 January 2018, the Ministry of Finance (MoF) issued Guidance Letter No. 03-05-06-04/84814 of 19 December 2017, clarifying the offset of overpaid taxes against a taxpayer's liabilities.</p>
			<p>The MoF noted that according to article 78(1) of the Tax Code (TC), the amount of overpaid tax is offset against the taxpayer's future liabilities for the same tax or other taxes, fines and penalties in the manner established in this article. The offset is made either by the tax authorities independently or at the request of the taxpayer (article 78(5) of the TC).</p>
			<p>The MoF ruled that the TC does not limit the period in which the tax authorities can independently offset the amounts of overpaid taxes against the taxpayer's fines and penalties arrears.</p>
			<p/>
			<p/>
			</tnsarticletext>
			</tnsarticle>
