<?xml version="1.0" encoding="utf-8"?>
<!-- Created 2018-02-08T11:08:01.977+01:00-->
<!DOCTYPE tnsarticle PUBLIC "-//IBFD//ELEMENTS TNS//EN" "http://dtd.ibfd.org/dtd/tns/tnsarticle.dtd">
<tnsarticle guid="tns_2018-02-08_ma_1" suppress-in-treaty-news="n" reporttype="standard" tns-report-hilites="no" tns-mli-hilites="no">
			<tnsarticleinfo>
			<countrylist main="ma">
				<country cc="ma"><countryname>Morocco</countryname></country>
				<country cc="zm"><countryname>Zambia</countryname></country>
			</countrylist>
			<topics>
			<topic tc="2_11_13" score="3">Bilateral Double Tax Relief [DTR]</topic><topic tc="2_11_41" score="3">Withholding Taxes</topic></topics>
			<onlinetitle>Treaty between Morocco and Zambia approved by Moroccan Council of Ministers</onlinetitle>
			<articledate isodate="20180208">8 February 2018</articledate>
			<author initials="BN"/>
			<correspondent>Report from IBFD Tax Treaties Unit</correspondent>
			<reference><extxref target="tns_2017-11-27_ma_1" alttext="Morocco; Zambia - Treaty between Morocco and Zambia approved by Moroccan Council of Government (27 Nov. 2017), News IBFD.">Morocco-1, News 27 November 2017</extxref></reference>
			<reference><extxref target="tt_ma-zm_01_eng_2017_tt__td1">Morocco - Zambia Income Tax Treaty (2017)</extxref></reference>
			<source>see admin sheet</source>
			</tnsarticleinfo>
			<tnsarticletext>
			<p>On 22 January 2018, the Moroccan Council of Ministers approved the <extxref target="tt_ma-zm_01_eng_2017_tt__td1">Morocco - Zambia Income Tax Treaty (2017)</extxref>. Further developments will be reported as they occur.</p>
			
			</tnsarticletext>
			</tnsarticle>
