<?xml version="1.0" encoding="utf-8"?>
<!-- Created 2018-02-08T13:39:15.661+01:00-->
<!DOCTYPE tnsarticle PUBLIC "-//IBFD//ELEMENTS TNS//EN" "http://dtd.ibfd.org/dtd/tns/tnsarticle.dtd">
<tnsarticle guid="tns_2018-02-08_do_2" suppress-in-treaty-news="n" reporttype="standard" tns-report-hilites="no" tns-mli-hilites="no">
			<tnsarticleinfo>
			<countrylist main="do">
				<country cc="do"><countryname>Dominican Republic</countryname></country>
			</countrylist>
			<topics>
			<topic tc="1_1_31" score="3">Anti-Avoidance / Anti-Evasion</topic><topic tc="2_17" score="3">Tax Management / Procedure / Administration</topic></topics>
			<onlinetitle>Guidance issued on authorized sequence invoices</onlinetitle>
			<articledate isodate="20180208">8 February 2018</articledate>
			<author initials="MC"/>
			<correspondent>Report from our correspondent Mariano Corral, FITS Financial &amp; Tax Services, Dominican Republic</correspondent>
			<reference><extxref target="gtha_do_s_1.8.">Dominican Republic - Corporate Taxation - Country Surveys section 1.8.</extxref></reference>
			<source>http://dgii.gov.do/legislacion/normas/Documents/Norma06-18.pdf</source>
			</tnsarticleinfo>
			<tnsarticletext>
			<p>On 30 January 2018, the Directorate General of Internal Revenue (DGII) issued <url target="http://dgii.gov.do/legislacion/normas/Documents/Norma06-18.pdf">General Rule 06-2018</url> providing guidance on the process of issuance of authorized sequence invoices and modifying the format of fiscal invoices, effective from 1 May 2018.</p>
			<p>In the Dominican Republic, every expense incurred by a taxpayer (subject to certain exceptions) must be documented by an invoice issued with an authorized sequence number (<emph type="i">número de comprobante fiscal</emph>, NCF) in order to be allowed as a tax deduction.</p>
			<p>According to the new rule, taxpayers must request from the DGII the sequences of authorized invoices to be used. The DGII will assign the quantity and type of authorized invoices to be used.</p>
			<p>NCFs already authorized by the DGII up until 1 May 2018 may be issued and used by taxpayers until 30 April 2018.</p>
			<p>A transitional period of 3 months will be granted to allow taxpayers to make the necessary adjustments in their billing systems for the new rule.</p>
			<p/>
			</tnsarticletext>
			</tnsarticle>
