<?xml version="1.0" encoding="utf-8"?>
<!-- Created 2018-02-09T16:29:32.676+01:00-->
<!DOCTYPE tnsarticle PUBLIC "-//IBFD//ELEMENTS TNS//EN" "http://dtd.ibfd.org/dtd/tns/tnsarticle.dtd">
<tnsarticle guid="tns_2018-02-08_ve_1" suppress-in-treaty-news="n" reporttype="dom_case" tns-report-hilites="no" tns-mli-hilites="no">
			<tnsarticleinfo>
			<countrylist main="ve">
				<country cc="ve"><countryname>Venezuela</countryname></country>
			</countrylist>
			<topics>
			<topic tc="2_16_12_4" score="3">Transactional Net Margin [TNMM]</topic><topic tc="2_16_13_12_1" score="3">Loans</topic><topic tc="2_16_14_1" score="3">Comparability Factors</topic><topic tc="2_16_32_1" score="3">Audits</topic><topic tc="2_17_21" score="3">Assessments</topic><topic tc="2_17_22" score="3">Objections &amp; Appeals</topic><topic tc="2_11_31" score="3">Transfer Pricing</topic></topics>
			<onlinetitle>Tax Court decision on transfer pricing dispute case: <emph type="i">tax authorities v. Coca-Cola Femsa</emph></onlinetitle>
			<articledate isodate="20180208">8 February 2018</articledate>
			<author initials="dcm"/>
			<correspondent>Report from our correspondent Jose Valecillos, D'Empaire Reyna Abogados, Caracas</correspondent>
			<reference><extxref target="gtha_ve_s_7.2.">Venezuela - Corporate Taxation - Country Surveys section 7.2.</extxref></reference>
			<reference><extxref target="cta_ve_s_10.2.">Venezuela - Corporate Taxation - Country Analyses section 10.2.</extxref></reference>
			<reference><extxref target="tp_ve_s_2.6.">Venezuela - Transfer Pricing sections 2.6.</extxref>, <extxref target="tp_ve_s_3.">3.</extxref>, <extxref target="tp_ve_s_4.">4.</extxref>, <extxref target="tp_ve_s_8.1.2.">8.1.2.</extxref>, <extxref target="tp_ve_s_15.">15.</extxref></reference>
			<source>correspondent</source>
			</tnsarticleinfo>
			<tnsarticletext>
			<p>The Seventh Superior Tax Court of the Capital Region of Venezuela (the Tax Court) gave its decision on 14 August 2017, in the case of <emph type="i">the</emph> <emph type="i">tax authorities v. Coca-Cola Femsa de Venezuela S.A.</emph> (Coca-Cola Femsa). Details of the decision are summarized below.</p>
			<p>(a) Facts. On 21 October 2012, the Venezuelan tax authorities issued two transfer pricing assessments, making adjustments to the profits reported by Cola-Cola Femsa in the 2006 and 2007 fiscal years. Coca-Cola Femsa appealed the transfer pricing assessments before the tax courts.</p>
			<p>(b) Issue. The tax authorities examined the application of the transactional net margin method (TNMM) and the comparable uncontrolled price method made by Coca-Cola Femsa to determine its transfer prices, concluding that some of the transactions examined were not at arm's length terms, based on the following arguments:</p>
			<p>(i) Reduction of costs deductions for the purchase of raw material and fixed assets</p>
			<p>The tax authorities claimed that when applying the TNMM for determining if the prices of certain purchases were at arm's length terms, Coca-Cola Femsa was not allowed to use comparable enterprises that (a) had realized losses for more than 2 years, and (b) that sell products different from the ones sold by Coca-Cola Femsa. The tax authorities indicated that the use of such comparable enterprises is not consistent with the 2006 Venezuelan Income Tax Law (ITL) and the 1995 OECD Transfer Pricing Guidelines (OECD Guidelines), which pursuant to the ITL are applicable on a supplementary basis provided that they are congruent with the ITL and international treaties signed by Venezuela.</p>
			<p>The tax authorities re-calculated the interquartile range using other comparables and determined that the prices agreed by Coca-Cola Femsa were not at arm's length. In addition, the tax authorities indicated that Coca-Cola Femsa's used data from different fiscal years to determine its net aggregated cost, which in the tax authorities' criterion contravened the annual nature of the Venezuelan income tax.</p>
			<p>(ii) Reduction of interest expense deductions</p>
			<p>Propimex, an affiliated company of Coca-Cola Femsa domiciled in Mexico made a loan to Coca-Cola Femsa, which agreed to repay the total amount of the principal and interests within a 5-year period. Under the loan agreement, no interest payments would be due within the first 2 years, and the interest rate for the last 3 years of the loan agreement would be of 21%. To determine that the loan was within arm's length terms, Coca-Cola Femsa applied the comparable uncontrolled price method and used an effective interest rate of 12.12%, resulting from dividing the interest rate agreed for the last 3 years of the loan (21%), between the total period of the loan (5 years).</p>
			<p>The tax authorities partially disallowed the deduction of interest paid by Coca-Cola Femsa to Propimex, claiming that the interest rate was not at arm's length, on the basis that the nominal interest rate agreed for the last 3 years of 21% was the interest rate that should be taken into account to determine whether the interest rate was at arm's length terms. The tax authorities also claimed that it was not legal to consider the 2-year grace period for the interest, because taking into account such information from previous fiscal years would contravene the annual nature of the Venezuelan income tax.</p>
			<p>(c) Decision. The Tax Court granted all of Coca-Cola Femsa's claims and annulled the transfer pricing assessments. In its decision, the Tax Court made the following determinations:</p>
			<p>(i) Application of the OECD Guidelines is mandatory</p>
			<p>The Tax Court ruled that the OECD Guidelines were an integral part of the Venezuelan legal system –except for the parts of the Guidelines that contradict international treaties signed by Venezuela and the ITL–, which, in turn, makes them mandatory rules which must be applied and followed on matters that are not expressly regulated within the Income Tax Law.</p>
			<p>(ii) Principle of annuity of the Venezuelan income tax does not apply when comparing related transactions</p>
			<p>The Tax Court determined that, when comparing transactions between related parties, it is more accurate to use the effective annual interest rate than the nominal interest rate. For this reason, the Tax Court ruled that Coca-Cola Femsa correctly considered all the years implicated in the loan agreement with Propimex to determine the effective annual interest rate.</p>
			<p>(iii) OECD Guidelines do not prohibit using comparable enterprises with losses</p>
			<p>The Tax Court concluded that, after analyzing the OECD Guidelines, there is no prohibition against using comparables with financial losses, given that a comparable enterprise can realize genuine losses.</p>
			<p>(iv) It is possible to compare enterprises that commercialize different products</p>
			<p>The Tax Court ruled that the search for identical products is unnecessary and there is no justification for excluding the comparison of companies with different products. The Tax Court indicated that under the OECD Guidelines and when applying the transactional net margin method, the relevant aspects of the comparable enterprises are (a) the economic sector in which they operate, (b) their competitiveness, (c) their production capacity, (d) the possibility to enter the market, (e) management efficiency, (f) individual strategy, (g) assumed risks, (h) variations in the companies' cost structure and (i) their degree of experience in their field.</p>
			<p>(v) Multiple year data can be applied in order to obtain a complete understanding of facts and circumstances surrounding a controlled transaction in a volatile environment</p>
			<p>The Tax Court based this conclusion on OECD Guideline paragraph 3.44 and acknowledged that the volatile economic environment in Venezuela – as evidenced by data of the Venezuelan Central Bank – had affected the financial results of Venezuelan companies during the years concerned with the tax assessments and thus that Coca-Cola Femsa correctly adjusted some data when determining if its prices were at arm's length.</p>
			<p>(vi) Profit margin may be adjusted to median point of arm's length range if the principles of reasonableness and proportionality are met</p>
			<p>The Tax Court established that adjusting the profit margin to the median point of the arm's length range, as performed by the tax authorities in the assessments made to Coca-Cola Femsa, is not a mandatory adjustment under the ITL and the OECD Guidelines. However, the Tax Court indicated that if this adjustment is made, it needs to be sufficiently justified by the tax authorities and it needs to meet the principles of reasonableness and proportionality.</p>
			<p>The decision by the Tax Court to annul the assessments can be appealed by the tax authorities before the Venezuelan Supreme Tribunal of Justice, which is the court of last resort.</p>
			<p/>
			</tnsarticletext>
			</tnsarticle>
