<?xml version="1.0" encoding="utf-8"?>
<!-- Created 2018-02-08T11:40:13.388+01:00-->
<!DOCTYPE tnsarticle PUBLIC "-//IBFD//ELEMENTS TNS//EN" "http://dtd.ibfd.org/dtd/tns/tnsarticle.dtd">
<tnsarticle guid="tns_2018-02-08_br_2" suppress-in-treaty-news="n" reporttype="standard" tns-report-hilites="no" tns-mli-hilites="no">
			<tnsarticleinfo>
			<countrylist main="br">
				<country cc="br"><countryname>Brazil</countryname></country>
			</countrylist>
			<topics>
			<topic tc="1_2_22_1" score="3">National / Federal</topic></topics>
			<onlinetitle>Senate examines proposal for new individual income tax brackets and rates</onlinetitle>
			<articledate isodate="20180208">8 February 2018</articledate>
			<author initials="VF"/>
			<correspondent>Report from Vanessa Arruda Ferreira, Principal Associate, IBFD</correspondent>
			<reference><extxref target="gthb_br_s_1.9.1.">Brazil - Individual Taxation - Country Surveys section 1.9.1.</extxref></reference>
			<reference><extxref target="cta_br_s_1.10.1.">Brazil - Corporate Taxation - Country Analyses section 1.10.1.</extxref></reference>
			<reference><extxref target="epi_br_s_1.2.5.">Brazil - Private Investment Income section 1.2.5.</extxref></reference>
			<source>www.senado.gov.br</source>
			</tnsarticleinfo>
			<tnsarticletext>
			<p>The Federal Senate is currently examining Bill 517/2015 (PLS 517/2015) aimed at introducing new individual income tax brackets and rates as follows:</p>
			<table anchor="tns_2018-02-08_br_2_t1" orient="port" frame="none" style="width:361pt"><tgroup cols="4"><colspec colnum="1" colname="col1" colwidth="1*"/><colspec colnum="2" colname="col2" colwidth=".5*"/><colspec colnum="3" colname="col3" colwidth="1.2*"/><colspec colnum="4" colname="col4" colwidth="1.5*"/><thead><row rowsep="1"><entry namest="col1" nameend="col3" align="left" valign="top" rowsep="0"><p>Monthly income (BRL)</p>
			</entry><entry colname="col4" align="left" valign="top" rowsep="0"><p>Tax rate (%)</p>
			</entry></row></thead><tbody><row rowsep="0"><entry namest="col1" nameend="col3" align="left" valign="top" rowsep="0"><p>up to 3,300</p>
			</entry><entry colname="col4" align="right" valign="top" rowsep="0"><p>0</p>
			</entry></row><row rowsep="0"><entry colname="col1" align="left" valign="top" rowsep="0"><p>3,300.01</p>
			</entry><entry colname="col2" align="left" valign="top" rowsep="0"><p>–</p>
			</entry><entry colname="col3" align="left" valign="top" rowsep="0"><p>4,000</p>
			</entry><entry colname="col4" align="right" valign="top" rowsep="0"><p>5</p>
			</entry></row><row rowsep="0"><entry colname="col1" align="left" valign="top" rowsep="0"><p>4,000.01</p>
			</entry><entry colname="col2" align="left" valign="top" rowsep="0"><p>–</p>
			</entry><entry colname="col3" align="left" valign="top" rowsep="0"><p>6,500</p>
			</entry><entry colname="col4" align="right" valign="top" rowsep="0"><p>10</p>
			</entry></row><row rowsep="0"><entry colname="col1" align="left" valign="top" rowsep="0"><p>6,500.01</p>
			</entry><entry colname="col2" align="left" valign="top" rowsep="0"><p>–</p>
			</entry><entry colname="col3" align="left" valign="top" rowsep="0"><p>9,000</p>
			</entry><entry colname="col4" align="right" valign="top" rowsep="0"><p>15</p>
			</entry></row><row rowsep="0"><entry colname="col1" align="left" valign="top" rowsep="0"><p>9,000.01</p>
			</entry><entry colname="col2" align="left" valign="top" rowsep="0"><p>–</p>
			</entry><entry colname="col3" align="left" valign="top" rowsep="0"><p>13,000</p>
			</entry><entry colname="col4" align="right" valign="top" rowsep="0"><p>20</p>
			</entry></row><row rowsep="0"><entry colname="col1" align="left" valign="top" rowsep="0"><p>13,000.01</p>
			</entry><entry colname="col2" align="left" valign="top" rowsep="0"><p>–</p>
			</entry><entry colname="col3" align="left" valign="top" rowsep="0"><p>18,000</p>
			</entry><entry colname="col4" align="right" valign="top" rowsep="0"><p>25</p>
			</entry></row><row rowsep="0"><entry colname="col1" align="left" valign="top" rowsep="0"><p>18,000.01</p>
			</entry><entry colname="col2" align="left" valign="top" rowsep="0"><p>–</p>
			</entry><entry colname="col3" align="left" valign="top" rowsep="0"><p>25,000</p>
			</entry><entry colname="col4" align="right" valign="top" rowsep="0"><p>30</p>
			</entry></row><row rowsep="0"><entry colname="col1" align="left" valign="top" rowsep="0"><p>25,000.01</p>
			</entry><entry colname="col2" align="left" valign="top" rowsep="0"><p>–</p>
			</entry><entry colname="col3" align="left" valign="top" rowsep="0"><p>49,500</p>
			</entry><entry colname="col4" align="right" valign="top" rowsep="0"><p>35</p>
			</entry></row><row rowsep="0"><entry namest="col1" nameend="col3" align="left" valign="top" rowsep="0"><p>over 49,500</p>
			</entry><entry colname="col4" align="right" valign="top" rowsep="0"><p>40</p>
			</entry></row></tbody></tgroup></table><p/>
			<p>The Bill is currently under discussion at the Commission for Economic Matters of the Senate.</p>
			<p/>
			<p/>
			</tnsarticletext>
			</tnsarticle>
