<?xml version="1.0" encoding="utf-8"?>
<!-- Created 2018-02-08T13:52:02.966+01:00-->
<!DOCTYPE tnsarticle PUBLIC "-//IBFD//ELEMENTS TNS//EN" "http://dtd.ibfd.org/dtd/tns/tnsarticle.dtd">
<tnsarticle guid="tns_2018-02-08_co_1" suppress-in-treaty-news="n" reporttype="standard"><tnsarticleinfo>
			<countrylist main="co">
				<country cc="co"><countryname>Colombia</countryname></country>
			</countrylist>
			<topics>
			<topic tc="1_1_21_11" score="3">Deductions</topic></topics>
			<onlinetitle>National Tax Authority pronounces on tax treatment on technology import agreements</onlinetitle>
			<articledate isodate="20180208">8 February 2018</articledate>
			<author initials="A.P."/>
			<correspondent>Report from our correspondent Andrea Prieto</correspondent>
			<reference><extxref target="gtha_co_s_1.3.3.">Colombia - Corporate Taxation - Country Surveys section 1.3.3.</extxref></reference>
			<reference><extxref target="cta_co_s_1.4.">Colombia - Corporate Taxation - Country Analyses section 1.4.</extxref></reference>
			<source>Text of Ruling</source>
			</tnsarticleinfo>
			<tnsarticletext>
			<p>In a recently published ruling (Ruling 1244 of 2017), the National Tax Authority (<emph type="i">Dirección de Impuestos y Aduanas Nacionales</emph>, DIAN) pronounced on the deductibility of payments made under technology import agreements. Details of Ruling 1244 of 2017 are summarized below.</p>
			
<list type="dash">
<item><label>-</label>Regarding the deadline for registering technology import agreements,<p>Article 72 of Law 1819 of 2016 (the tax reform) amended article 123 of the Tax Code, providing that payments made under a technology import agreement are deductible if the taxpayer requested for the registration of the agreement before the competent authorities within 6 months following the execution of the agreement or within 3 months following the amendment of the agreement. In DIAN´s opinion these deadlines apply from 1 January 2017 and only to agreements concluded after this date.</p>
			</item>
</list>
<p/>
			
<list type="dash">
<item><label>-</label>Regarding technology import agreements concluded before the tax reform,<p>DIAN considered that their registration before the competent authority was a requirement for the deductibility of the payments made under the agreement, even before the tax reform entered into force; thus, the registration had to be made before the application of the deduction in the tax return. Accordingly, technology import agreements concluded before 1 January 2018 should have been registered before such date for being eligible for applying the deduction of the payments made under the agreement.</p>
			</item>
</list>
<p/>
			<p/>
			</tnsarticletext>
			</tnsarticle>
