<?xml version="1.0" encoding="utf-8"?>
<!-- Created 2018-02-08T13:07:03.212+01:00-->
<!DOCTYPE tnsarticle PUBLIC "-//IBFD//ELEMENTS TNS//EN" "http://dtd.ibfd.org/dtd/tns/tnsarticle.dtd">
<tnsarticle guid="tns_2018-02-08_do_1" suppress-in-treaty-news="n" reporttype="standard" tns-report-hilites="no" tns-mli-hilites="no">
			<tnsarticleinfo>
			<countrylist main="do">
				<country cc="do"><countryname>Dominican Republic</countryname></country>
			</countrylist>
			<topics>
			<topic tc="1_1_21_15" score="3">Exemptions</topic><topic tc="1_1_31" score="3">Anti-Avoidance / Anti-Evasion</topic><topic tc="1_2_21_15" score="3">Exemptions</topic><topic tc="1_2_2" score="3">Incentives</topic><topic tc="2_17_2" score="3">Filings / Returns</topic></topics>
			<onlinetitle>Certain nominal thresholds adjusted for inflation for 2018</onlinetitle>
			<articledate isodate="20180208">8 February 2018</articledate>
			<author initials="MC"/>
			<correspondent>Report from our correspondent Mariano Corral, FITS Financial &amp; Tax Services, Dominican Republic</correspondent>
			<reference><extxref target="gtha_do_s_1.3.2.">Dominican Republic - Corporate Taxation - Country Surveys sections 1.3.2.</extxref>, <extxref target="gtha_do_s_1.8.2.">1.8.2.</extxref></reference>
			<reference><extxref target="gthb_do_s_1.6.">Dominican Republic - Individual Taxation - Country Surveys sections 1.6.</extxref>, <extxref target="gthb_do_s_1.7.">1.7.</extxref></reference>
			<source>http://dgii.gov.do/informacionTributaria/publicaciones/avisosInformativos/Documents/09-18.pdf</source>
			</tnsarticleinfo>
			<tnsarticletext>
			<p>On 19 January 2018, the Directorate General of Internal Revenue (DGII) published the <url target="http://dgii.gov.do/informacionTributaria/publicaciones/avisosInformativos/Documents/09-18.pdf">inflation adjustments</url>, effective from 1 January 2018, for certain provisions (thresholds), which are adjusted annually, including:</p>
			
<list type="dash">
<item><label>-</label>tax avoidance schemes to be considered as a criminal offense (any unpaid or unreported tax liability exceeding DOP 483,662);</item>
<item><label>-</label>exemption for individuals on capital gains derived from selling their primary home (DOP 2,418,316);</item>
<item><label>-</label>account receivable to be written off without proof of collection or further procedures (DOP 4,836); and</item>
<item><label>-</label>companies whose annual return must be supported by a financial statement issued by an independent certified public accountant (companies whose income is at least DOP 14,509,921).</item>
</list>
<p/>
			</tnsarticletext>
			</tnsarticle>
