<?xml version="1.0" encoding="utf-8"?>
<!-- Created 2018-02-08T15:18:12.648+01:00-->
<!DOCTYPE tnsarticle PUBLIC "-//IBFD//ELEMENTS TNS//EN" "http://dtd.ibfd.org/dtd/tns/tnsarticle.dtd">
<tnsarticle guid="tns_2018-02-08_az_2" suppress-in-treaty-news="n" reporttype="standard" tns-report-hilites="no" tns-mli-hilites="no">
			<tnsarticleinfo>
			<countrylist main="az">
				<country cc="az"><countryname>Azerbaijan</countryname></country>
			</countrylist>
			<topics>
			<topic tc="1_1_2" score="3">Incentives</topic><topic tc="2_18_2" score="3">Investment</topic></topics>
			<onlinetitle>Bill regulating investment activity expected</onlinetitle>
			<articledate isodate="20180208">8 February 2018</articledate>
			<author initials="kt"/>
			<correspondent>Report from our correspondent Seb Fazli, Groningen, Netherlands</correspondent>
			<reference><extxref target="gtha_az_s_1.">Azerbaijan - Corporate Taxation - Country Surveys sections 1.</extxref>, <extxref target="gtha_az_s_1.7.">1.7.</extxref></reference>
			<source>correspondent</source>
			</tnsarticleinfo>
			<tnsarticletext>
			<p>On 19 January 2018, Presidential Order No. 3586 of 18 January 2018 (the Order) was published in Official Gazette (<emph type="i">Khalgh Ghazety</emph>) No. 13 (28689). The Order determines actions to incentivize investment activity and protect the rights of foreign investors.</p>
			<p>According to the Order, the Cabinet of Ministers should, within 3 months, present a bill to the President regulating investment activity. The bill should, inter alia, contain the following provisions:</p>
			
<list type="dash">
<item><label>-</label>an aggregate of measures incentivizing investment activity;</item>
<item><label>-</label>mechanisms for the protection of investor rights and for offering investors state guarantees;</item>
<item><label>-</label>methods of dispute settlement through negotiation, judicial settlement, as well as arbitration (subject to the provisions of the international arbitration rules); and</item>
<item><label>-</label>a procedure to compensate investors for damages, as well as for lost profits.</item>
</list>
<p>Further developments will be reported as they occur.</p>
			<p/>
			<p/>
			</tnsarticletext>
			</tnsarticle>
