<?xml version="1.0" encoding="UTF-8"?>
<!DOCTYPE tnsarticle PUBLIC "-//IBFD//ELEMENTS TNS//EN" "http://dtd.ibfd.org/dtd/tns/tnsarticle.dtd">
<tnsarticle collection="tns" guid="tns_2018-02-08_e2_49" reporttype="eu_ecj_dec_vat" suppress-in-treaty-news="n" tns-report-hilites="no">
<tnsarticleinfo>
<countrylist main="e2">
<country cc="e2">
<countryname>European Union</countryname>
</country>
<country cc="de">
<countryname>Germany</countryname>
</country>
</countrylist>
<topics>
			<topic score="3" tc="2_12_2_1">Systems of Taxation</topic>
<topic score="3" tc="1_4_11_3">Travel Agents</topic>
<topic score="3" tc="1_4_6">Taxable Amount</topic>
</topics>
        <onlinetitle>ECJ decision (VAT): <emph type="i">Commission v. Germany</emph> (Case C-380/16) – Travel agents; taxable amount</onlinetitle>
<articledate isodate="20180208">8 February 2018</articledate>
<author initials="Autogenerated"/>
<correspondent>Report from IBFD Knowledge Centre</correspondent>

<reference>
<extxref publish="yes" target="gtha_de_s_8.4.">Germany - Corporate Taxation - Country Surveys section 8.4.</extxref>
</reference>
<reference>
<extxref publish="yes" target="cta_de_s_13.6.">Germany - Corporate Taxation - Country Analyses section 13.6.</extxref>
</reference>
<reference>
<extxref publish="yes" target="evat_de_s_6.1.">Germany - VAT &amp; Sales Tax sections 6.1.</extxref>, <extxref publish="yes" target="evat_de_s_12.3.">12.3.</extxref>
</reference>
<reference>
<extxref publish="yes" target="ecji_c_189_11">Commission v. Spain (Case C-189/11)</extxref>
</reference>
</tnsarticleinfo>
<tnsarticletext>
<p>On 8 February  2018, the Court of Justice of the European Union (ECJ) gave its decision in <emph type="i">European Commission v. Federal Republic of Germany</emph> (<extxref target="ecj_c_380_16">Case C-380/16</extxref>) based on a number of grounds.</p>
<p>On those grounds, the Court (Sixth Chamber) hereby:
</p><p>1.    Declares that the Federal Republic of Germany has failed to fulfil its obligations under Article 73 and Articles 306 to 310 of the EU VAT Directive (2006/112) by excluding travel services used by taxable persons for their business from the special scheme for travel agents and allowing travel agents, in so far as the special scheme is applicable to them, to determine on a flat-rate basis the tax assessment base for groups of services and for each taxable period;
 
</p><p>2. Orders the Federal Republic of Germany to pay the costs of the proceedings.</p><p>(Unofficial translation by IBFD Knowledge Centre)</p><p>For a previous TNS regarding the case, <emph type="i">see</emph> <extxref target="tns_2016-09-07_e2_2">European Union-2, News 7 September 2016</extxref>.</p><p>A more substantial report containing details of the ECJ's decision will be published subsequently in the ECJ Case Law collection.</p></tnsarticletext>
</tnsarticle>
