<?xml version="1.0" encoding="utf-8"?>
<!-- Created 2018-02-08T11:11:03.735+01:00-->
<!DOCTYPE tnsarticle PUBLIC "-//IBFD//ELEMENTS TNS//EN" "http://dtd.ibfd.org/dtd/tns/tnsarticle.dtd">
<tnsarticle guid="tns_2018-02-08_ma_2" suppress-in-treaty-news="n" reporttype="standard" tns-report-hilites="no" tns-mli-hilites="no">
			<tnsarticleinfo>
			<countrylist main="ma">
				<country cc="ma"><countryname>Morocco</countryname></country>
				<country cc="bg"><countryname>Bulgaria</countryname></country>
			</countrylist>
			<topics>
			<topic tc="2_11_13" score="3">Bilateral Double Tax Relief [DTR]</topic><topic tc="1_5_12" score="3">Social Security Contributions</topic></topics>
			<onlinetitle>Social security agreement between Bulgaria and Morocco approved by Moroccan Council of Ministers</onlinetitle>
			<articledate isodate="20180208">8 February 2018</articledate>
			<author initials="BN"/>
			<correspondent>Report from IBFD Tax Treaties Unit</correspondent>
			<reference><extxref target="tns_2017-09-21_bg_1" alttext="Bulgaria; Morocco - Social security agreement between Bulgaria and Morocco ratified by Bulgaria (21 Sep. 2017), News IBFD.">Bulgaria-1, News 21 September 2017</extxref></reference>
			<reference><extxref target="tt_bg-ma_50_eng_2016_tt__td1">Bulgaria - Morocco Social Security Agreement (2016)</extxref></reference>
			<source>see admin sheet</source>
			</tnsarticleinfo>
			<tnsarticletext>
			<p>On 22 January 2018, the Moroccan Council of Ministers approved the <extxref target="tt_bg-ma_50_ara_2016_tt__td1">Bulgaria - Morocco Social Security Agreement (2016)</extxref>. Further developments will be reported as they occur.</p>
			
			</tnsarticletext>
			</tnsarticle>
