<?xml version="1.0" encoding="utf-8"?>
<!-- Created 2018-02-08T15:27:55.853+01:00-->
<!DOCTYPE tnsarticle PUBLIC "-//IBFD//ELEMENTS TNS//EN" "http://dtd.ibfd.org/dtd/tns/tnsarticle.dtd">
<tnsarticle guid="tns_2018-02-08_us_1" suppress-in-treaty-news="n" reporttype="standard" tns-report-hilites="no" tns-mli-hilites="no">
			<tnsarticleinfo>
			<countrylist main="us">
				<country cc="us"><countryname>United States</countryname></country>
			</countrylist>
			<topics>
			<topic tc="1_1" score="3">Corporate Taxation</topic><topic tc="1_2" score="3">Individual Taxation</topic><topic tc="1_3" score="3">Withholding Taxes</topic><topic tc="1_5" score="3">Other Taxes</topic><topic tc="2_11" score="3">Treaties</topic></topics>
			<onlinetitle>Second quarter update to 2017-2018 Priority Guidance Plan released</onlinetitle>
			<articledate isodate="20180208">8 February 2018</articledate>
			<author initials="WC"/>
			<correspondent>Report from Wooje Choi, Senior Associate, IBFD North America</correspondent>
			<reference><extxref target="tns_2017-10-23_us_2" alttext="United States - US Treasury Department and IRS announce 2017-2018 Priority Guidance Plan (23 Oct. 2017), News IBFD.">United States-2, News 23 October 2017</extxref></reference>
			<reference><extxref target="gtha_us">United States - Corporate Taxation - Country Surveys</extxref></reference>
			<reference><extxref target="gthb_us">United States - Individual Taxation - Country Surveys</extxref></reference>
			<reference><extxref target="cta_us">United States - Corporate Taxation - Country Analyses</extxref></reference>
			<reference><extxref target="ita_us">United States - Individual Taxation - Country Analyses</extxref></reference>
			<source>https://www.irs.gov/pub/irs-utl/2017-2018_pgp_2nd_quarter_update.pdf</source>
			</tnsarticleinfo>
			<tnsarticletext>
			<p>The US Treasury Department and the Internal Revenue Service (IRS) have issued the <url target="https://www.irs.gov/pub/irs-utl/2017-2018_pgp_2nd_quarter_update.pdf">second quarter update to the 2017–2018 Priority Guidance Plan</url>. The second quarter update indicates a release date of 7 February 2018.</p>
			<p>The <url target="https://www.irs.gov/pub/irs-utl/2017-2018_pgp_initial.pdf">initial 2017–2018 Priority Guidance Plan</url> contained the 198 projects that were priorities for allocation of the resources of the Treasury Department and the IRS during the 12-month period from July 2017 through June 2018 (the plan year) (<emph type="i">see</emph> <extxref target="tns_2017-10-23_us_2" alttext="United States - US Treasury Department and IRS announce 2017-2018 Priority Guidance Plan (23 Oct. 2017), News IBFD.">United States-2, News 23 October 2017</extxref>). In addition to the items on the 2015-2016 plan, the Appendix listed the more routine guidance that is generally published each year.</p>
			<p>The second quarter update to the 2017-2018 plan reflects 29 additional projects that have become near term priorities as a result of the Tax Cuts and Jobs Act legislation enacted on 22 December 2017, as well as guidance published (or released) during the period from 13 October 2017 through 31 December 2017.</p>
			<p/>
			</tnsarticletext>
			</tnsarticle>
