<?xml version="1.0" encoding="utf-8"?>
<!-- Created 2018-02-09T16:16:26.893+01:00-->
<!DOCTYPE tnsarticle PUBLIC "-//IBFD//ELEMENTS TNS//EN" "http://dtd.ibfd.org/dtd/tns/tnsarticle.dtd">
<tnsarticle guid="tns_2018-02-08_cr_2" suppress-in-treaty-news="n" reporttype="standard" tns-report-hilites="no"><tnsarticleinfo>
			<countrylist main="cr">
				<country cc="cr"><countryname>Costa Rica</countryname></country>
			</countrylist>
			<topics>
			<topic tc="1_5_22" score="3">Excise Duties</topic><topic tc="1_5_51" score="3">Environmental / Green Taxes</topic></topics>
			<onlinetitle>Tax on fuels – rates increased</onlinetitle>
			<articledate isodate="20180208">8 February 2018</articledate>
			<author initials="dcm"/>
			<correspondent>Report from our correspondent Bernal Rodriguez, Independent Tax Advisor, San Jose</correspondent>
			<reference><extxref target="gtha_cr_s_9.6.">Costa Rica - Corporate Taxation - Country Surveys section 9.6.</extxref></reference>
			<reference><extxref target="cta_cr_s_14.6.">Costa Rica - Corporate Taxation - Country Analyses section 14.6.</extxref></reference>
			<source>Official Gazette</source>
			</tnsarticleinfo>
			<tnsarticletext>
			<p>On 31 January 2018, Decree No. 40858-H issued by the Ministry of Finance was published in the Official Gazette. The Decree increases the tax rates of the single tax on fuels, as established by Law 8,114 of 2001, by 1.19%. This tax is levied at fixed rates per litre, which vary depending on the type of fuel.</p>
			<p>The new rates are as follows:</p>
			<table anchor="tns_2018-02-08_cr_2_t1" orient="port" frame="none" style="width:280pt"><tgroup cols="2"><colspec colnum="1" colname="col1" colwidth="2.7*"/><colspec colnum="2" colname="col2" colwidth="1*"/><thead><row rowsep="1"><entry colname="col1" align="left" valign="top" rowsep="0"><p>Type of fuel per litre</p>
			</entry><entry colname="col2" align="left" valign="top" rowsep="0"><p>Tax(CRC)</p>
			</entry></row></thead><tbody><row rowsep="0"><entry colname="col1" align="left" valign="top" rowsep="0"><p>Regular gasoline</p>
			</entry><entry colname="col2" align="left" valign="top" rowsep="0"><p>241.25 </p>
			</entry></row><row rowsep="0"><entry colname="col1" align="left" valign="top" rowsep="0"><p>Super gasoline </p>
			</entry><entry colname="col2" align="left" valign="top" rowsep="0"><p>252.75</p>
			</entry></row><row rowsep="0"><entry colname="col1" align="left" valign="top" rowsep="0"><p>Diesel </p>
			</entry><entry colname="col2" align="left" valign="top" rowsep="0"><p>142.75</p>
			</entry></row><row rowsep="0"><entry colname="col1" align="left" valign="top" rowsep="0"><p>Asphalt</p>
			</entry><entry colname="col2" align="left" valign="top" rowsep="0"><p>49.00</p>
			</entry></row><row rowsep="0"><entry colname="col1" align="left" valign="top" rowsep="0"><p>Asphalt emulsion</p>
			</entry><entry colname="col2" align="left" valign="top" rowsep="0"><p>36.75</p>
			</entry></row><row rowsep="0"><entry colname="col1" align="left" valign="top" rowsep="0"><p>Bunker</p>
			</entry><entry colname="col2" align="left" valign="top" rowsep="0"><p>23.25</p>
			</entry></row><row rowsep="0"><entry colname="col1" align="left" valign="top" rowsep="0"><p>LPG</p>
			</entry><entry colname="col2" align="left" valign="top" rowsep="0"><p>49.00</p>
			</entry></row><row rowsep="0"><entry colname="col1" align="left" valign="top" rowsep="0"><p>Jet fuel A1</p>
			</entry><entry colname="col2" align="left" valign="top" rowsep="0"><p>144.75</p>
			</entry></row><row rowsep="0"><entry colname="col1" align="left" valign="top" rowsep="0"><p>Av gas</p>
			</entry><entry colname="col2" align="left" valign="top" rowsep="0"><p>241.25</p>
			</entry></row><row rowsep="0"><entry colname="col1" align="left" valign="top" rowsep="0"><p>Kerosene</p>
			</entry><entry colname="col2" align="left" valign="top" rowsep="0"><p>68.75</p>
			</entry></row><row rowsep="0"><entry colname="col1" align="left" valign="top" rowsep="0"><p>Heavy diesel (<emph type="i">Gasóleo</emph>)</p>
			</entry><entry colname="col2" align="left" valign="top" rowsep="0"><p>47.00</p>
			</entry></row><row rowsep="0"><entry colname="col1" align="left" valign="top" rowsep="0"><p>Heavy naphtha</p>
			</entry><entry colname="col2" align="left" valign="top" rowsep="0"><p>34.75</p>
			</entry></row><row rowsep="0"><entry colname="col1" align="left" valign="top" rowsep="0"><p>Light naphtha</p>
			</entry><entry colname="col2" align="left" valign="top" rowsep="0"><p>34.75</p>
			</entry></row></tbody></tgroup></table><p>The Decree is effective from 1 February 2018.</p>
			<p/>
			</tnsarticletext>
			</tnsarticle>
