<?xml version="1.0" encoding="utf-8"?>
<!-- Created 2018-02-08T13:09:35.593+01:00-->
<!DOCTYPE tnsarticle PUBLIC "-//IBFD//ELEMENTS TNS//EN" "http://dtd.ibfd.org/dtd/tns/tnsarticle.dtd">
<tnsarticle guid="tns_2018-02-08_sk_1" suppress-in-treaty-news="n" reporttype="standard" tns-report-hilites="no" tns-mli-hilites="yes">
			<tnsarticleinfo>
			<countrylist main="sk">
				<country cc="sk"><countryname>Slovak Republic</countryname></country>
				<country cc="o2"><countryname>OECD</countryname></country>
			</countrylist>
			<topics>
			<topic tc="2_16_42_1" score="3">Mutual Agreement Procedure [MAP]</topic><topic tc="2_12_1_3_1" score="3">Arbitration</topic><topic tc="2_11_13" score="3">Bilateral Double Tax Relief [DTR]</topic><topic tc="2_11_2_1" score="3">Context</topic><topic tc="1_1_52_1" score="3">Hybrid(s) Entities / Instruments</topic><topic tc="1_2_52_1" score="1">Hybrid(s) Entities / Instruments</topic><topic tc="2_13_81" score="3">Hybrid(s) Entities / Instruments</topic><topic tc="1_1_1_1_1" score="1">Resident</topic><topic tc="2_11_1_2" score="3">Resident / Residence</topic><topic tc="1_1_31_2_21" score="3">Treaty Shopping</topic><topic tc="1_1_31_2_22" score="3">Conduit Companies / Beneficial Ownership</topic><topic tc="2_11_1_4" score="3">Limitation on Benefits [LOB]</topic><topic tc="2_11_2" score="3">Interpretation</topic><topic tc="1_1_31_1" score="3">General</topic><topic tc="1_2_31_1" score="2">General</topic><topic tc="2_11_1" score="3">Benefits</topic><topic tc="1_3_1_1_1" score="1">Substantial</topic><topic tc="2_11_41" score="3">Withholding Taxes</topic><topic tc="2_13_12" score="1">Exchange of Shares</topic><topic tc="2_14_1" score="1">Dividends / Profits Distributions</topic><topic tc="1_3_1_5_11" score="1">Substantial</topic><topic tc="1_3_1_5_1" score="1">Shares</topic><topic tc="1_3_1_5_2" score="1">Immovable(s) Properties</topic><topic tc="2_11_41" score="3">Withholding Taxes</topic><topic tc="2_13_51" score="1">Capital Gains</topic><topic tc="2_14_2" score="1">Capital Gains / Losses</topic><topic tc="2_11_21" score="3">Permanent Establishments [PEs]</topic><topic tc="2_15_2" score="3">Allocation of Business Profits</topic><topic tc="2_11_31" score="3">Transfer Pricing</topic><topic tc="2_15_2" score="3">Allocation of Business Profits</topic><topic tc="2_16_32_2" score="3">Adjustments</topic><topic tc="2_17_21" score="2">Assessments</topic><topic tc="2_15_1_3" score="3">Agency</topic><topic tc="2_15_1_5" score="3">Provision of Services</topic><topic tc="2_16_13_21_13_1" score="1">Commissionaire</topic><topic tc="2_15_1_11" score="3">Exclusions</topic><topic tc="2_15_1_1_1" score="3">Fixed Place of Business</topic><topic tc="2_15_1_5" score="3">Provision of Services</topic><topic tc="2_16_32_2" score="3">Adjustments</topic><topic tc="2_17_21" score="3">Assessments</topic><topic tc="2_11_16" score="3">Mutual Agreement Procedure [MAP]</topic><topic tc="2_16_42_1" score="3">Mutual Agreement Procedure [MAP]</topic><topic tc="2_15_2" score="3">Allocation of Business Profits</topic></topics>
			<onlinetitle>Multilateral Instrument (MLI): Details of Reservations and Notifications – Slovak Republic</onlinetitle>
			<articledate isodate="20180208">8 February 2018</articledate>
			<author initials="NB"/>
			<correspondent>Report from IBFD Tax Treaties Unit</correspondent>
			<reference><extxref target="tns_2017-06-08_sk_1" alttext="Slovak Republic; OECD - Multilateral Instrument (MLI) – reservation and notification statement released for Slovak Republic (08 June 2017), News IBFD.">Slovak Republic-1, News 8 June 2017</extxref></reference>
			<reference><extxref target="tt_sk_02_eng_2017_tt__td1">Slovak Republic MLI Reservations and Notifications (2017)</extxref></reference>
			<reference><extxref target="tt_o2_02_eng_2016_tt__td1">OECD Multilateral Convention (MLI) (2016)</extxref></reference>
			<source>See admin sheet</source>
			</tnsarticleinfo>
			<tnsarticletext>
			<p>Following the Slovak Republic's signing of the <extxref target="tt_o2_02_eng_2016_tt__td1">OECD Multilateral Convention (MLI)</extxref> (the Convention) on 7 June 2017, the government released its list of <extxref target="tt_sk_02_eng_2017_tt__td1">Reservations and Notifications</extxref>. The Reservations and Notifications will be confirmed upon deposit of the instrument of ratification subject to Articles 28(6) and 29(3) of the Convention.</p>
			<p>The listed reservations are:</p>
			
<list type="dash">
<item><label>-</label>Article 8 (Dividend Transfer Transactions): the Slovak Republic reserves the right for the entirety of Article 8 not to apply to its Covered Tax Agreements to the extent that the provisions described in Article 8(1) already include a minimum holding period longer than a 365 day period. The Slovak Republic lists two agreements, together with the article and paragraph number, that it considers to be within the scope of this reservation.</item>
<item><label>-</label>Article 16 (Mutual Agreement Procedure): the Slovak Republic reserves the right for the first sentence of Article 16(1) not to apply to its Covered Tax Agreements on the basis that it intends to meet the minimum standard for improving dispute resolution under the OECD/G20 BEPS Package.</item>
<item><label>-</label>Article 17 (Corresponding Adjustments): the Slovak Republic reserves the right for the entirety of Article 17 not to apply to its Covered Tax Agreements that already contain a provision described in Article 17(2). The Slovak Republic lists 45 agreements, together with the article and paragraph number, that contain provisions that are within the scope of this reservation.</item>
</list>
<p/>
			<p>The notifications relate to the following articles:</p>
			
<list type="dash">
<item><label>-</label>Article 2 (Interpretation of terms): The Slovak Republic lists 64 agreements that it wishes to be covered by the Convention.</item>
<item><label>-</label>Article 3 (Transparent Entities): The Slovak Republic lists 1 agreement that it considers contains a provision described in Article 3(4) that is not subject to a reservation under Article 3(5)(c) through (e).</item>
<item><label>-</label>Article 4 (Dual Resident Entities): the Slovak Republic lists 64 agreements, together with the article and paragraph number, it considers contain a provision described in Article 4(2) that is not subject to a reservation under Article 4(3)(b) through (d).</item>
<item><label>-</label>Article 5 (Application of Methods for Elimination of Double Taxation): the Slovak Republic chooses to apply option C of Article 5(1) and lists 23 agreements, together with the article and paragraph number, that it considers contain a provision described in Article 5(7).</item>
<item><label>-</label>Article 6 (Purpose of a Covered Tax Agreement): the Slovak Republic chooses to apply Article 6(3). In addition, the Slovak Republic lists 64 agreements it considers are not within the scope of a reservation under Article 6(4) and contain preamble language described in Article 6(2). Furthermore, the Slovak Republic lists 59 agreements that it considers do not contain preamble language referring to a desire to develop an economic relationship or to enhance co-operation in tax matters.</item>
<item><label>-</label>Article 7 (Prevention of Treaty Abuse): the Slovak Republic chooses to apply the Simplified Limitation on Benefits Provision pursuant to Article 7(6). In addition, the Slovak Republic lists 1 agreement, together with the article and paragraph number, that it considers contains a provision described in Article 7(14).</item>
<item><label>-</label>Article 8 (Dividend Transfer Transactions): the Slovak Republic list 35 agreements, together with the article and paragraph number, that it considers contain a provision described in Article 8(1) that is not subject to a reservation described in Article 8(3)(b).</item>
<item><label>-</label>Article 9 (Capital Gains from Alienation of Shares or Interests of Entities Deriving their Value Principally from Immovable Property): the Slovak Republic chooses to apply Article 9(4). In addition, the Slovak Republic list 28 agreements, together with the article and paragraph number, that it considers contain a provision described in Article 9(1).</item>
<item><label>-</label>Article 10 (Anti-abuse Rule for Permanent Establishments Situated in Third Jurisdictions): the Slovak Republic considers that none of its covered tax agreements contain a provision described in Article 10(4).</item>
<item><label>-</label>Article 11 (Application of Tax Agreements to Restrict a Party's Right to Tax its Own Residents): the Slovak Republic lists 1 agreement, together with the article and paragraph number, it considers contains a provision described in Article 11(2).</item>
<item><label>-</label>Article 12 (Artificial Avoidance of Permanent Establishment Status through Commissionaire Arrangements and Similar Strategies): the Slovak Republic lists 64 agreements, together with the article and paragraph number, it considers contain a provision described in Article 12(3)(a). Furthermore, the Slovak Republic lists 64 agreements, together with the article and paragraph number, it considers contain a provision described in Article 12(3)(b).</item>
<item><label>-</label>Article 13 (Artificial Avoidance of Permanent Establishment Status through the Specific Activity Exemptions): the Slovak Republic chooses to apply Option A under Article 13(1). In addition, the Slovak Republic lists 64 agreements, together with the article and paragraph number, it considers contain a provision described in Article 13(5)(a).</item>
<item><label>-</label>Article 14 (Splitting-up of Contracts): the Slovak Republic considers that none of its covered tax agreements contain a provision described in Article 14(1) of the Convention.</item>
<item><label>-</label>Article 16 (Mutual Agreement Procedure): the Slovak Republic lists the following:
<list type="dash">
<item><label>–</label>3 agreements, together with the article and paragraph number, containing a provision that provides that a case referred to in the first sentence of Article 16(1) must be presented within a specific time period that is shorter than 3 years from the first notification of the action resulting in taxation not in accordance with the provisions of the Covered Tax Agreement; and</item>
<item><label>–</label>49 agreements, together with the article and paragraph number, containing a provision that provides that a case referred to in the first sentence of Article 16(1) must be presented within a specific time period that is at least 3 years from the first notification of the action resulting in taxation not in accordance with the provisions of the Covered Tax Agreement; and</item>
<item><label>–</label>30 agreements that do not contain a provision described in Article 16(4)(b)(ii); and</item>
<item><label>-</label>1 agreements that does not contain a provision described in Article 16(4)(c)(i); and</item>
<item><label>-</label>11 agreements that do not contain a provision described in Article 16(4)(c)(ii).</item>
</list>
</item>
<item><label>-</label>Article 18 (Choice to Apply Part VI): The Slovak Republic chooses not to apply Part VI.</item>
</list>

			</tnsarticletext>
			</tnsarticle>
