<?xml version="1.0" encoding="utf-8"?>
<!-- Created 2018-02-08T10:44:06.299+01:00-->
<!DOCTYPE tnsarticle PUBLIC "-//IBFD//ELEMENTS TNS//EN" "http://dtd.ibfd.org/dtd/tns/tnsarticle.dtd">
<tnsarticle guid="tns_2018-02-08_gh_1" suppress-in-treaty-news="n" reporttype="inc_tax_tt_sig" tns-report-hilites="no" tns-mli-hilites="no">
			<tnsarticleinfo>
			<countrylist main="gh">
				<country cc="gh"><countryname>Ghana</countryname></country>
				<country cc="ie"><countryname>Ireland</countryname></country>
			</countrylist>
			<topics>
			<topic tc="2_11_13" score="3">Bilateral Double Tax Relief [DTR]</topic><topic tc="2_11_41" score="3">Withholding Taxes</topic></topics>
			<onlinetitle>Treaty between Ghana and Ireland signed</onlinetitle>
			<articledate isodate="20180208">8 February 2018</articledate>
			<author initials="BN"/>
			<correspondent>Report from IBFD Tax Treaties Unit</correspondent>
			<reference><extxref target="tns_2016-08-18_ie_1" alttext="Ireland; Ghana - Treaty between Ghana and Ireland – negotiations concluded (18 Aug. 2016), News IBFD.">Ireland-1, News 18 August 2016</extxref></reference>
			<reference><extxref target="cta_ie_s_7.4.1.4.">Ireland - Corporate Taxation - Country Analyses section 7.4.1.4.</extxref></reference>
			<reference><extxref target="ita_ie_s_7.4.1.4.">Ireland - Individual Taxation - Country Analyses section 7.4.1.4.</extxref></reference>
			<reference><extxref target="tt_gh-ie_01_eng_2018_tt__td1">Ghana - Ireland Income Tax Treaty (2018)</extxref></reference>
			<source>see admin sheet</source>
			</tnsarticleinfo>
			<tnsarticletext>
			<p>On 7 February 2018, Ghana and Ireland signed a tax treaty in Accra. Further developments will be reported as they occur.</p>
			<p>Treaty texts are published in the Treaties collection on <emph type="i">IBFD's Tax Research Platform</emph>, as available.</p>
			
			</tnsarticletext>
			</tnsarticle>
