<?xml version="1.0" encoding="utf-8"?>
<!-- Created 2018-02-08T17:16:32.792+01:00-->
<!DOCTYPE tnsarticle PUBLIC "-//IBFD//ELEMENTS TNS//EN" "http://dtd.ibfd.org/dtd/tns/tnsarticle.dtd">
<tnsarticle guid="tns_2018-02-08_do_6" suppress-in-treaty-news="n" reporttype="standard" tns-report-hilites="no" tns-mli-hilites="no">
			<tnsarticleinfo>
			<countrylist main="do">
				<country cc="do"><countryname>Dominican Republic</countryname></country>
			</countrylist>
			<topics>
			<topic tc="1_1_1" score="3">Taxing Jurisdiction</topic><topic tc="2_17_2" score="3">Filings / Returns</topic><topic tc="1_5_43" score="3">Entertainment Taxes</topic></topics>
			<onlinetitle>Casino and slot machines taxes adjusted for inflation for 2018</onlinetitle>
			<articledate isodate="20180208">8 February 2018</articledate>
			<author initials="MC"/>
			<correspondent>Report from our correspondent Mariano Corral, FITS Financial &amp; Tax Services, Dominican Republic</correspondent>
			<reference><extxref target="gtha_do_s_9.">Dominican Republic - Corporate Taxation - Country Surveys sections 9</extxref>.</reference>
			<source>http://dgii.gov.do/informacionTributaria/publicaciones/avisosInformativos/Documents/07-18.pdf</source>
			</tnsarticleinfo>
			<tnsarticletext>
			<p>On 19 January 2018, the Directorate General of Internal Revenue (DGII) <url target="http://dgii.gov.do/informacionTributaria/publicaciones/avisosInformativos/Documents/07-18.pdf">published</url> the inflation adjustments, effective 1 February 2018 and up to 31 January 2019, for taxpayers subject to the specific casino and slot machines tax.</p>
			<p>The inflation adjustments are set forth below:</p>
			<p>For casino tax:</p>
			<table anchor="tns_2018-02-08_do_6_t1" orient="port" frame="none" style="width:375pt"><tgroup cols="2"><colspec colnum="1" colname="col1" colwidth="3.1*"/><colspec colnum="2" colname="col2" colwidth="1*"/><thead><row rowsep="1"><entry colname="col1" align="left" valign="middle" rowsep="0"><p>Number of gaming tables</p>
			</entry><entry colname="col2" align="left" valign="middle" rowsep="1"><p>Amount per table</p>
			</entry></row></thead><tbody><row rowsep="1"><entry colname="col1" align="left" valign="bottom" rowsep="0"><p>1-5 tables</p>
			</entry><entry colname="col2" align="left" valign="bottom" rowsep="1"><p>DOP 41,644</p>
			</entry></row><row rowsep="1"><entry colname="col1" align="left" valign="bottom" rowsep="0"><p>16-35 tables</p>
			</entry><entry colname="col2" align="left" valign="bottom" rowsep="1"><p>DOP 48,051</p>
			</entry></row><row rowsep="1"><entry colname="col1" align="left" valign="bottom" rowsep="0"><p>36+</p>
			</entry><entry colname="col2" align="left" valign="bottom" rowsep="1"><p>DOP 64,068</p>
			</entry></row></tbody></tgroup></table><p/>
			<p>For slot machine tax:</p>
			<table anchor="tns_2018-02-08_do_6_t2" orient="port" frame="none" style="width:370pt"><tgroup cols="2"><colspec colnum="1" colname="col1" colwidth="3*"/><colspec colnum="2" colname="col2" colwidth="1*"/><thead><row rowsep="1"><entry colname="col1" align="left" valign="middle" rowsep="0"><p>Area</p>
			</entry><entry colname="col2" align="left" valign="middle" rowsep="1"><p>Presumptive tax</p>
			</entry></row></thead><tbody><row rowsep="1"><entry colname="col1" align="left" valign="bottom" rowsep="0"><p>Santo Domingo</p>
			</entry><entry colname="col2" align="left" valign="bottom" rowsep="1"><p>DOP 10,986</p>
			</entry></row><row rowsep="1"><entry colname="col1" align="left" valign="bottom" rowsep="0"><p>Santiago</p>
			</entry><entry colname="col2" align="left" valign="bottom" rowsep="1"><p>DOP  9,338</p>
			</entry></row><row rowsep="1"><entry colname="col1" align="left" valign="bottom" rowsep="0"><p>Rest of the country</p>
			</entry><entry colname="col2" align="left" valign="bottom" rowsep="1"><p>DOP  7,926</p>
			</entry></row></tbody></tgroup></table><p/>
			<p/>
			</tnsarticletext>
			</tnsarticle>
