<?xml version="1.0" encoding="utf-8"?>
<!-- Created 2018-02-08T11:00:48.563+01:00-->
<!DOCTYPE tnsarticle PUBLIC "-//IBFD//ELEMENTS TNS//EN" "http://dtd.ibfd.org/dtd/tns/tnsarticle.dtd">
<tnsarticle guid="tns_2018-02-08_tr_1" suppress-in-treaty-news="n" reporttype="standard" tns-report-hilites="no" tns-mli-hilites="no">
			<tnsarticleinfo>
			<countrylist main="tr">
				<country cc="tr"><countryname>Turkey</countryname></country>
				<country cc="ru"><countryname>Russia</countryname></country>
			</countrylist>
			<topics>
			<topic tc="1_1_1_2_1" score="3">Domestic</topic><topic tc="1_1_21_15" score="3">Exemptions</topic><topic tc="1_4_7_11" score="3">Zero</topic><topic tc="1_4_8" score="3">Exemptions</topic><topic tc="1_5_1_2" score="3">Stamp Duties / Documentary Taxes</topic><topic tc="1_5_22" score="3">Excise Duties</topic><topic tc="1_5_2_4" score="3">Real Estate Holding Taxes</topic></topics>
			<onlinetitle>General Communiqué No. 1 on agreement concerning TurkStream Gas Pipeline Project gazetted</onlinetitle>
			<articledate isodate="20180208">8 February 2018</articledate>
			<author initials="EF"/>
			<correspondent>Report from our correspondent Prof. Dr Emrah Ferhatoğlu, Eskişehir Osmangazi University, Turkey</correspondent>
			<reference><extxref target="gtha_tr_s_1.3.2.">Turkey - Corporate Taxation - Country Surveys sections 1.3.2.</extxref>, <extxref target="gtha_tr_s_5.2.">5.2.</extxref>, <extxref target="gtha_tr_s_8.5.">8.5.</extxref>, <extxref target="gtha_tr_s_8.6.">8.6.</extxref>, <extxref target="gtha_tr_s_9.3.">9.3.</extxref>, <extxref target="gtha_tr_s_9.5.">9.5.</extxref></reference>
			<reference><extxref target="cta_tr_s_1.2.3.">Turkey - Corporate Taxation - Country Analyses sections 1.2.3.</extxref>, <extxref target="cta_tr_s_5.3.">5.3.</extxref>, <extxref target="cta_tr_s_13.7.">13.7.</extxref>, <extxref target="cta_tr_s_13.8.">13.8.</extxref>, <extxref target="cta_tr_s_14.3.">14.3.</extxref>, <extxref target="cta_tr_s_14.5.">14.5.</extxref>, <extxref target="cta_tr_s_14.6.">14.6.</extxref></reference>
			<reference><extxref target="evat_tr_s_7.4.">Turkey - VAT &amp; Sales Tax sections 7.4.</extxref>, <extxref target="evat_tr_s_8.">8.</extxref></reference>
			<source>Text of General Communiqué No. 1 on Agreement concerning TurkStream Gas Pipeline Project</source>
			</tnsarticleinfo>
			<tnsarticletext>
			<p>On 2 February 2018, General Communiqué No. 1 on the agreement between Russia and Turkey concerning the TurkStream Gas Pipeline Project (the Agreement) was published in the Official Gazette.</p>
			<p>The Communiqué clarifies the implementation of tax rules provided by article 9 of the Agreement, which was concluded on 10 October 2016 and entered into force on 21 February 2017.</p>
			<p>The Communiqué clarifies the following issues:</p>
			<heading1>Value added tax (VAT)</heading1>
			<p>According to article 9(b) of the Agreement, consultancy, legal, accounting, and engineering services, including engineering consultancy services, pre-construction services and construction facility operation services, preliminary design services and design services rendered to an offshore section company are exempt from VAT in Turkey.</p>
			<p>The Communiqué clarifies the following issues regarding the aforementioned VAT exemption:</p>
			
<list type="dash">
<item><label>-</label>scope of the VAT exemption: covered persons and services; and</item>
<item><label>-</label>implementation and declaration of the exemption.</item>
</list>
<p>According to article 9(h) of the Agreement, gas transportation services are exempt, by the setting of a 0% rate for such services, from VAT in Turkey.</p>
			<p>Moreover, Turkey grants the offshore section company and the onshore section 2 company the right to refund VAT paid on goods and services acquired in connection with the implementation of the project. The refund period is 3 months.</p>
			<p>The Communiqué clarifies the following issues regarding the VAT refund:</p>
			
<list type="dash">
<item><label>-</label>scope of the refund (covered transactions);</item>
<item><label>-</label>implementation of the refund;</item>
<item><label>-</label>documents required for a refund application; and</item>
<item><label>-</label>types of refund (credit and cash).</item>
</list>
<heading1>Special consumption tax (SCT)</heading1>
			<p>The Communiqué also clarifies the SCT exemption provided by articles 9(d) and 9(o) of the Agreement.</p>
			<p>According to article 9(o) of the Agreement, goods acquired by the offshore company and the onshore company regarding construction and modification of the offshore section and onshore section 2 are exempt from SCT in Turkey.</p>
			<p>Transportation vehicles, technical facilities, pipes and any other material and technical items are exempt from SCT in certain circumstances in Turkey.</p>
			<heading1>Other taxes</heading1>
			<p>The Communiqué also explains the following tax exemptions provided by the Agreement:</p>
			
<list type="dash">
<item><label>-</label>Personal income and corporate taxes:
<list type="dash">
<item><label>–</label>under article 9(c) of the Agreement, income from the implementation of the project is exempt from any income tax;</item>
<item><label>–</label>under article 9(f) of the Agreement, interest paid to the beneficial owner, who is non-resident in Turkey, regarding contract debts for the implementation of the project is exempt from any income tax;</item>
<item><label>–</label>under article 9(i) of the Agreement, income from construction and repair work performed in connection with the project are exempt from any income tax in Turkey; and</item>
<item><label>–</label>under article 9(j) of the Agreement, dividend distribution by the companies of the project is exempt from any taxation.</item>
</list>
</item>
<item><label>-</label>Stamp duty:
<list type="dash">
<item><label>–</label>Under article 9(l) of the Agreement, contracts concluded by offshore section and onshore section 2 companies are exempt from stamp duty.</item>
</list>
</item>
<item><label>-</label>Real estate tax:
<list type="dash">
<item><label>–</label>Under article 9(e) of the Agreement, real estate acquired by the offshore section company and the onshore section 2 company are exempt from real estate tax in Turkey.</item>
</list>
</item>
<item><label>-</label>Resource utilization support fund
<list type="dash">
<item><label>–</label>Under article 9(d) of the Agreement, equipment acquired in connection with implementation of the project is exempt from the resource utilization support fund.</item>
</list>
</item>
<item><label>-</label>Title deed fees
<list type="dash">
<item><label>–</label>Under article 11 of Law No. 4586 concerning the transit passage of petroleum via pipelines, facilities used in connection with the project are exempt from title deed fees.</item>
</list>
</item>
</list>
<p>The Communiqué entered into force on the day of its publication.</p>
			<p/>
			</tnsarticletext>
			</tnsarticle>
