<?xml version="1.0" encoding="utf-8"?>
<!-- Created 2018-02-08T12:32:10.234+01:00-->
<!DOCTYPE tnsarticle PUBLIC "-//IBFD//ELEMENTS TNS//EN" "http://dtd.ibfd.org/dtd/tns/tnsarticle.dtd">
<tnsarticle guid="tns_2018-02-08_pr_3" suppress-in-treaty-news="n" reporttype="standard" tns-report-hilites="no" tns-mli-hilites="no">
			<tnsarticleinfo>
			<countrylist main="pr">
				<country cc="pr"><countryname>Puerto Rico</countryname></country>
			</countrylist>
			<topics>
			<topic tc="1_2_21_11" score="3">Deductions</topic><topic tc="2_17_2" score="3">Filings / Returns</topic></topics>
			<onlinetitle>Procedure to request mortgage interest deduction on residence</onlinetitle>
			<articledate isodate="20180208">8 February 2018</articledate>
			<author initials="MdlAR"/>
			<correspondent>Report from Maria de los A. Rivera, Kevane Grant Thornton, Puerto Rico</correspondent>
			<reference><extxref target="gthb_pr_s_1.7.1.">Puerto Rico - Individual Taxation - Country Surveys section 1.7.1.</extxref></reference>
			<source>http://www.hacienda.gobierno.pr/publicaciones/carta-circular-de-rentas-internas-num-18-01-cc-ri-18-01</source>
			</tnsarticleinfo>
			<tnsarticletext>
			<p>On 30 January 2018, the Treasury Department issued <url target="http://www.hacienda.gobierno.pr/publicaciones/carta-circular-de-rentas-internas-num-18-01-cc-ri-18-01">Internal Revenue Circular Letter 18-01</url> (the CC) to explain the procedure and the documentation required to claim the deduction of a mortgage interest expense when the taxpayer requesting the interest deduction is not a party to the mortgage loan agreement.</p>
			<p>Circular Letter 18-01 was effective immediately.</p>
			<p/>
			</tnsarticletext>
			</tnsarticle>
