<?xml version="1.0" encoding="utf-8"?>
<!-- Created 2018-02-09T16:25:28.46+01:00-->
<!DOCTYPE tnsarticle PUBLIC "-//IBFD//ELEMENTS TNS//EN" "http://dtd.ibfd.org/dtd/tns/tnsarticle.dtd">
<tnsarticle guid="tns_2018-02-08_cr_3" suppress-in-treaty-news="n" reporttype="standard" tns-report-hilites="no"><tnsarticleinfo>
			<countrylist main="cr">
				<country cc="cr"><countryname>Costa Rica</countryname></country>
			</countrylist>
			<topics>
			<topic tc="1_5_2_4" score="3">Real Estate Holding Taxes</topic><topic tc="1_2_24_2_12" score="1">Income from Property</topic></topics>
			<onlinetitle>Real estate tax exemption for 2018</onlinetitle>
			<articledate isodate="20180208">8 February 2018</articledate>
			<author initials="DCM"/>
			<correspondent>Report from our correspondent Bernal Rodriguez, Independent Tax Advisor, San Jose</correspondent>
			<reference><extxref target="gthb_cr_s_4.2.">Costa Rica - Individual Taxation - Country Surveys section 4.2.</extxref></reference>
			<reference><extxref target="ita_cr_s_5.2.">Costa Rica - Individual Taxation - Country Analyses section 5.2.</extxref></reference>
			<source><emph type="i">Official Gazette</emph></source>
			</tnsarticleinfo>
			<tnsarticletext>
			<p>On 1 February 2018, Resolution <url target="http://www.imprentanacional.go.cr/gaceta/?date=01/02/2018" alttext="Nº RES-DGH-ONT-001-2018">RES-DGH-ONT-001-2018</url> was published in the Official Gazette. The Resolution provides for the amount under which the real estate tax exemption is granted, pursuant to article 4 of Law 7509 of 1995.</p>
			<p>For 2018, the real estate tax exemption is granted to individuals holding a single real estate property with a registered value lower than 45 base salaries, which is equal to CRC 19,395,000.</p>
			<p>The Resolution is effective from 1 February 2018.</p>
			<p/>
			</tnsarticletext>
			</tnsarticle>
