<?xml version="1.0" encoding="utf-8"?>
<!-- Created 2018-02-08T12:11:42.965+01:00-->
<!DOCTYPE tnsarticle PUBLIC "-//IBFD//ELEMENTS TNS//EN" "http://dtd.ibfd.org/dtd/tns/tnsarticle.dtd">
<tnsarticle guid="tns_2018-02-08_pr_2" suppress-in-treaty-news="n" reporttype="standard" tns-report-hilites="no" tns-mli-hilites="no">
			<tnsarticleinfo>
			<countrylist main="pr">
				<country cc="pr"><countryname>Puerto Rico</countryname></country>
			</countrylist>
			<topics>
			<topic tc="2_17_2" score="3">Filings / Returns</topic></topics>
			<onlinetitle>2017 tax forms for conduit entities available</onlinetitle>
			<articledate isodate="20180208">8 February 2018</articledate>
			<author initials="MdlAR"/>
			<correspondent>Report from Maria de los A. Rivera, Kevane Grant Thornton, Puerto Rico</correspondent>
			<reference><extxref target="gtha_pr_s_1.8.2.">Puerto Rico - Corporate Taxation - Country Surveys section 1.8.2.</extxref></reference>
			<source>http://www.hacienda.gobierno.pr/publicaciones/boletin-informativo-de-rentas-internas-num-18-06-bi-ri-18-06</source>
			</tnsarticleinfo>
			<tnsarticletext>
			<p>On 30 January 2018, the Treasury Department issued <url target="http://www.hacienda.gobierno.pr/publicaciones/boletin-informativo-de-rentas-internas-num-18-06-bi-ri-18-06">Informative Bulletin No. 18-06</url> (the BI) announcing the publication of the 2017 tax forms for conduit entities, such as societies and revocable trusts.</p>
			<p>The new forms are available on the Treasury Department's <url target="http://www.hacienda.pr.gov/">website</url>.</p>
			<p/>
			</tnsarticletext>
			</tnsarticle>
