<?xml version="1.0" encoding="utf-8"?>
<!-- Created 2018-02-09T16:39:00.423+01:00-->
<!DOCTYPE tnsarticle PUBLIC "-//IBFD//ELEMENTS TNS//EN" "http://dtd.ibfd.org/dtd/tns/tnsarticle.dtd">
<tnsarticle guid="tns_2018-02-08_uz_1" suppress-in-treaty-news="n" reporttype="standard" tns-report-hilites="yes"><tnsarticleinfo>
			<countrylist main="uz">
				<country cc="uz"><countryname>Uzbekistan</countryname></country>
			</countrylist>
			<topics>
			<topic tc="1_1_71_21" score="3">Special Types of Activities</topic><topic tc="1_3_1_1" score="3">Dividends</topic><topic tc="1_3_1_2" score="3">Interest</topic><topic tc="1_5_63" score="3">Taxes on Mining Activities</topic><topic tc="1_5_64" score="3">Taxes on Oil &amp; Gas Activities</topic><topic tc="2_19" score="3">Natural Resources</topic><topic tc="1_4_7_1" score="3">Standard</topic><topic tc="1_5_11" score="3">Payroll Taxes / Wage Taxes</topic><topic tc="1_5_12_1" score="3">Employer</topic><topic tc="1_5_12_2" score="3">Employee</topic><topic tc="1_5_13" score="3">Development Levies</topic><topic tc="1_5_2_4" score="3">Real Estate Holding Taxes</topic><topic tc="1_1_21_1" score="3">National / Federal</topic><topic tc="1_1_2" score="3">Incentives</topic><topic tc="1_2_21_1" score="3">National / Federal</topic></topics>
			<onlinetitle>Tax rates for 2018 published</onlinetitle>
			<articledate isodate="20180208">8 February 2018</articledate>
			<author initials="kj"/>
			<correspondent>Report from our correspondent Katja Jacobs</correspondent>
			<reference><extxref target="gtha_uz_s_1.6.1.">Uzbekistan - Corporate Taxation - Country Surveys sections 1.6.1.</extxref>, <extxref target="gtha_uz_s_1.6.2.">1.6.2.</extxref>, <extxref target="gtha_uz_s_3.1.1.">3.1.1.</extxref>, <extxref target="gtha_uz_s_3.1.3.">3.1.3.</extxref>, <extxref target="gtha_uz_s_3.2.">3.2.</extxref>, <extxref target="gtha_uz_s_3.3.">3.3.</extxref>, <extxref target="gtha_uz_s_4.2.">4.2.</extxref>, <extxref target="gtha_uz_s_5.1.">5.1.</extxref>, <extxref target="gtha_uz_s_5.2.">5.2.</extxref>, <extxref target="gtha_uz_s_8.5.">8.5.</extxref></reference>
			<reference><extxref target="gthb_uz_s_1.4.">Uzbekistan - Individual Taxation - Country Surveys sections 1.4.</extxref>, <extxref target="gthb_uz_s_1.9.1.">1.9.1.</extxref>, <extxref target="gthb_uz_s_1.9.2.">1.9.2.</extxref>, <extxref target="gthb_uz_s_3.">3.</extxref>, <extxref target="gthb_uz_s_4.2.">4.2.</extxref>, <extxref target="gthb_uz_s_4.3.1.">4.3.1.</extxref></reference>
			<source>State Tax Committee https://soliq.uz/ru/news/archive/informats-ionnoe-soobshchenie-ob-izmeneniyakh-stavok-nalogov-i-drugikh-obyazatelnykh-platezhey-a-takzh/ Decree http://www.lex.uz/pages/getpage.aspx?lact_id=3480354#3485396 Commercial source https://www.norma.uz/nashi_obzori/informacionnoe_soobshchenie_gnk1</source>
			</tnsarticleinfo>
			<tnsarticletext>
			<p>On 8 January 2018, the State Tax Committee <url target="https://soliq.uz/ru/news/archive/informats-ionnoe-soobshchenie-ob-izmeneniyakh-stavok-nalogov-i-drugikh-obyazatelnykh-platezhey-a-takzh/">explained</url> (in Russian) the tax rates introduced by <url target="http://www.lex.uz/pages/getpage.aspx?lact_id=3480354">Presidential Decree No. ПП-3454</url> (available in Russian), of 29 December 2017. The most relevant tax rates, which apply from 1 January 2018, are summarized below.</p>
			<heading1>Corporate income tax</heading1>
			<heading2>(a) Corporate income tax and infrastructure development tax unified</heading2>
			<p>The corporate income tax and the infrastructure development tax have been unified into one single corporate income tax rate of 14% (22% for commercial banks). Previously, this rate was 15.5% (23% for commercial banks) which consisted of 7.5% corporate income tax (15% for commercial banks) and 8% infrastructure development tax.</p>
			<p>Companies that were previously eligible to an exemption of either corporate income tax or infrastructure development tax will pay corporate income tax during the remaining exemption period at a rate that is 2 times lower than the generally applicable rate.</p>
			<heading2>(b) Mobile operators</heading2>
			<p>The corporate income tax rates for mobile operators remain the same as in 2017 and vary depending on the company's profitability. Profitability is determined as the ratio between profits before tax and the manufacturing cost of sold production. The rates are as follows:</p>
			<table anchor="tns_2018-02-08_uz_1_t1" orient="port" frame="none" style="width:530pt"><tgroup cols="2"><colspec colnum="1" colname="col1" colwidth="1*"/><colspec colnum="2" colname="col2" colwidth="1*"/><thead><row rowsep="1"><entry colname="col1" align="left" valign="top" rowsep="0"><p>Profitability rate (in %)</p>
			</entry><entry colname="col2" align="left" valign="top" rowsep="0"><p>Corporate income tax rate (in %)</p>
			</entry></row></thead><tbody><row rowsep="0"><entry colname="col1" align="left" valign="top" rowsep="0"><p>0 – 20</p>
			</entry><entry colname="col2" align="left" valign="top" rowsep="0"><p>14</p>
			</entry></row><row rowsep="0"><entry colname="col1" align="left" valign="top" rowsep="0"><p>above 20</p>
			</entry><entry colname="col2" align="left" valign="top" rowsep="0"><p>50 (calculated upon income that exceeds the 20% level of profitability)</p>
			</entry></row></tbody></tgroup></table><heading1>Individual income tax</heading1>
			<p>The progressive individual income tax rates have been amended as follows (MMW is minimum monthly wage, 1 MMW is UZS 172,240 as of 1 December 2017, approximately USD 21):</p>
			<table anchor="tns_2018-02-08_uz_1_t2" orient="port" frame="none" style="width:551pt"><tgroup cols="3"><colspec colnum="1" colname="col1" colwidth="1*"/><colspec colnum="2" colname="col2" colwidth="1*"/><colspec colnum="3" colname="col3" colwidth="1.1*"/><thead><row rowsep="1"><entry colname="col1" align="left" valign="top" rowsep="0"><p>Income (multiples of MMW) </p>
			</entry><entry colname="col2" align="left" valign="top" rowsep="0"><p>New tax rates (in %)</p>
			</entry><entry colname="col3" align="left" valign="top" rowsep="0"><p>Previous tax rates (in %)</p>
			</entry></row></thead><tbody><row rowsep="0"><entry colname="col1" align="left" valign="top" rowsep="0"><p>up to 1</p>
			</entry><entry colname="col2" align="left" valign="top" rowsep="0"><p>0</p>
			</entry><entry colname="col3" align="left" valign="top" rowsep="0"><p>0</p>
			</entry></row><row rowsep="0"><entry colname="col1" align="left" valign="top" rowsep="0"><p>1 – 5</p>
			</entry><entry colname="col2" align="left" valign="top" rowsep="0"><p>7.5</p>
			</entry><entry colname="col3" align="left" valign="top" rowsep="0"><p>7.5</p>
			</entry></row><row rowsep="0"><entry colname="col1" align="left" valign="top" rowsep="0"><p>5 - 10</p>
			</entry><entry colname="col2" align="left" valign="top" rowsep="0"><p>16.5</p>
			</entry><entry colname="col3" align="left" valign="top" rowsep="0"><p>17</p>
			</entry></row><row rowsep="0"><entry colname="col1" align="left" valign="top" rowsep="0"><p>over 10</p>
			</entry><entry colname="col2" align="left" valign="top" rowsep="0"><p>22.5</p>
			</entry><entry colname="col3" align="left" valign="top" rowsep="0"><p>23</p>
			</entry></row></tbody></tgroup></table><heading1>Withholding taxes</heading1>
			<p>Dividends and interest paid to resident companies and individuals remains at the rate of 10%.</p>
			<heading1>Unified tax payment</heading1>
			<p>The unified tax payment rates remain the same as in 2017. The general rate is 5%; however, certain legal entities are subject to other rates such as pawnshops and companies organizing mass entertainment events (both 30%), brokers on the securities market (13%) and other brokerage offices (33%), companies involved in trade and catering services (between 1% and 10%) and lottery organizers (33%).</p>
			<p>From 1 January 2018, companies subject to the unified tax payment and owning land plots with a square area exceeding 1 hectare are exempt from the unified tax payment and instead are subject to land tax for the whole area of the land plot.</p>
			<heading1>Fixed tax</heading1>
			<p>Fixed tax is payable by small companies and individual entrepreneurs engaged in certain business activities. The rates have been amended significantly and vary greatly depending on the type of business activity carried out and the enterprises' location.</p>
			<heading1>Subsurface users' taxes</heading1>
			<p>All subsurface users' taxes remain payable at the same rates as in 2017. The subsurface use tax varies significantly and depends on the type of extracted natural resources. The commercial discovery bonus is 0.1% and the signing bonus is between 100 MMW and 10,000 MMW for every acquired exploration right, depending on the type of explored natural resources. The excess profits tax is 50%.</p>
			<heading1>Value added tax</heading1>
			<p>VAT remains payable at the rate of 20%.</p>
			<heading1>Social security contributions</heading1>
			<p>The unified social payment, which is payable by employers, remains at the rate of 25% (15% for micro-firms, small businesses and agricultural producers) of the payroll costs.</p>
			<p>Mandatory pension contributions for employees remain payable at the rate of 8%.</p>
			<heading1>Other taxes</heading1>
			<heading2>(a) Water users' tax</heading2>
			<p>All water users' tax rates increased. The general rate is UZS 98.2 (previously, UZS 85.4) per 1 m3 of water for surface water sources and UZS 124.8 (previously, UZS 108.5) per 1 m3 of water for underground water sources. Other rates apply depending on the type of business activity of the taxpayer. Water users' tax is payable by companies and individual entrepreneurs using water sources for their business.</p>
			<heading2>(b) Property tax</heading2>
			<p>Corporate property tax remains payable at the rate of 5%. For individuals, the property tax rates lowered significantly and are set between 0.2% and 0.35% (previously, between 1.7% and 2.9%) depending on the total square area of the property. However, the taxable base has changed as of 1 January 2018 from the inventory value to the cadastral value of the property with a minimum of UZS 42,000,000.</p>
			<heading2>(c) Land tax</heading2>
			<p>Land tax rates increased overall by 1.15 and vary significantly, depending on the region, land type and the closeness of a land plot to a city.</p>
			<heading2>(d) Unified land tax</heading2>
			<p>The unified land tax is payable by agricultural producers. The tax rate remains 0.95%. The taxable base is a standardized value of the land which is determined by the authorities for each agricultural producers separately.</p>
			<heading2>(e) Other contributions</heading2>
			<p>The obligatory turnover contributions payable by companies to the Road fund (previously, 1.4%), the Pension fund (previously, 1.6%) and the Educational and Medical Institutions Fund (previously, 0.5%) have been unified into one single payment at the rate of 3.2%. This payment will be called obligatory contribution to the state trust funds.</p>
			<p/>
			</tnsarticletext>
			</tnsarticle>
