<?xml version="1.0" encoding="utf-8"?>
<!-- Created 2018-02-08T14:45:02.001+01:00-->
<!DOCTYPE tnsarticle PUBLIC "-//IBFD//ELEMENTS TNS//EN" "http://dtd.ibfd.org/dtd/tns/tnsarticle.dtd">
<tnsarticle guid="tns_2018-02-08_do_4" suppress-in-treaty-news="n" reporttype="standard" tns-report-hilites="no" tns-mli-hilites="no">
			<tnsarticleinfo>
			<countrylist main="do">
				<country cc="do"><countryname>Dominican Republic</countryname></country>
			</countrylist>
			<topics>
			<topic tc="1_1_1" score="3">Taxing Jurisdiction</topic><topic tc="2_17_2" score="3">Filings / Returns</topic><topic tc="1_5_43" score="3">Entertainment Taxes</topic></topics>
			<onlinetitle>Lottery and gaming tax adjusted for inflation for 2018</onlinetitle>
			<articledate isodate="20180208">8 February 2018</articledate>
			<author initials="MC"/>
			<correspondent>Report from our correspondent Mariano Corral, FITS Financial &amp; Tax Services, Dominican Republic</correspondent>
			<reference><extxref target="gtha_do_s_9.">Dominican Republic - Corporate Taxation - Country Surveys section 9.</extxref></reference>
			<source>http://dgii.gov.do/informacionTributaria/publicaciones/avisosInformativos/Documents/06-18.pdf</source>
			</tnsarticleinfo>
			<tnsarticletext>
			<p>On 19 January 2018, the Directorate General of Internal Revenue (DGII) published the <url target="http://dgii.gov.do/informacionTributaria/publicaciones/avisosInformativos/Documents/06-18.pdf">inflation adjustments</url>, effective from 1 February 2018 to 31 January 2019, for taxpayers subject to the specific gambling and lottery tax.</p>
			<p>The inflation adjustments are as follows:</p>
			<table anchor="tns_2018-02-08_do_4_t1" orient="port" frame="none" style="width:505pt"><tgroup cols="2"><colspec colnum="1" colname="col1" colwidth="1.7*"/><colspec colnum="2" colname="col2" colwidth="1*"/><thead><row rowsep="1"><entry colname="col1" align="left" valign="top" rowsep="0"><p>Type of betting and gambling agency</p>
			</entry><entry colname="col2" align="left" valign="top" rowsep="0"><p>Amount due</p>
			</entry></row></thead><tbody><row rowsep="0"><entry colname="col1" align="left" valign="top" rowsep="0"><p>Lottery agency</p>
			</entry><entry colname="col2" align="left" valign="top" rowsep="0"><p>DOP 44,847</p>
			</entry></row><row rowsep="0"><entry colname="col1" align="left" valign="top" rowsep="0"><p>Sport betting agency (Santo Domingo area)</p>
			</entry><entry colname="col2" align="left" valign="top" rowsep="0"><p>DOP 288,305</p>
			</entry></row><row rowsep="0"><entry colname="col1" align="left" valign="top" rowsep="0"><p>Lottery and sport betting (outside of Santo Domingo)</p>
			</entry><entry colname="col2" align="left" valign="top" rowsep="0"><p>DOP 192,203</p>
			</entry></row></tbody></tgroup></table><p/>
			<p/>
			</tnsarticletext>
			</tnsarticle>
