<?xml version="1.0" encoding="utf-8"?>
<!-- Created 2018-02-09T16:33:59.813+01:00-->
<!DOCTYPE tnsarticle PUBLIC "-//IBFD//ELEMENTS TNS//EN" "http://dtd.ibfd.org/dtd/tns/tnsarticle.dtd">
<tnsarticle guid="tns_2018-02-08_gr_1" suppress-in-treaty-news="n" reporttype="standard" tns-mli-hilites="no">
			<tnsarticleinfo>
			<countrylist main="gr">
				<country cc="gr"><countryname>Greece</countryname></country>
			</countrylist>
			<topics>
			<topic tc="1_2_24_11" score="3">Income Characterization / Classification</topic><topic tc="1_2_24_1_1_1" score="3">Benefits-in-Kind / Perquisites</topic></topics>
			<onlinetitle>Tax treatment of provision of company communal vehicles to staff – clarifications issued</onlinetitle>
			<articledate isodate="20180208">8 February 2018</articledate>
			<author initials="VD"/>
			<correspondent>Report from our correspondent Vassilis Dafnomilis</correspondent>
			<reference><extxref target="gthb_gr_s_1.3.2.">Greece - Individual Taxation - Country Surveys section 1.3.2.</extxref></reference>
			<reference><extxref target="ita_gr_s_1.3.2.">Greece - Individual Taxation - Country Analyses section 1.3.2.</extxref></reference>
			<source>Document ΔΕΑΦ 1017521, published by the Public Revenue Authority on 1 February 2018</source>
			</tnsarticleinfo>
			<tnsarticletext>
			<p>On 1 February 2018, the Public Revenue Authority published document ΔΕΑΦ 1017521 regarding the tax treatment of the provisions of company communal vehicles to staff. The circular clarified that the provision of company vehicles which are communal, i.e. they can be used by the staff on a rotation basis, is not considered a benefit in kind for the company's employees.</p>
			<p>Therefore, article 13(2) of the Income Tax Code (benefits in kind – provision of a company car) is not applicable. Moreover, the circular provides clarifications on how the company can prove that the vehicle is communal.</p>
			<p>The circular is available <url target="https://diavgeia.gov.gr/doc/91%CE%95%CE%9C46%CE%9C%CE%A03%CE%96-%CE%941%CE%A9?inline=true">here</url>.</p>
			<p/>
			<p/>
			</tnsarticletext>
			</tnsarticle>
