<?xml version="1.0" encoding="utf-8"?>
<!-- Created 2018-02-08T12:59:34.016+01:00-->
<!DOCTYPE tnsarticle PUBLIC "-//IBFD//ELEMENTS TNS//EN" "http://dtd.ibfd.org/dtd/tns/tnsarticle.dtd">
<tnsarticle guid="tns_2018-02-08_sa_1" suppress-in-treaty-news="n" reporttype="standard" tns-report-hilites="no" tns-mli-hilites="no">
			<tnsarticleinfo>
			<countrylist main="sa">
				<country cc="sa"><countryname>Saudi Arabia</countryname></country>
				<country cc="ch"><countryname>Switzerland</countryname></country>
			</countrylist>
			<topics>
			<topic tc="2_11_13" score="3">Bilateral Double Tax Relief [DTR]</topic><topic tc="2_11_41" score="3">Withholding Taxes</topic></topics>
			<onlinetitle>Treaty between Saudi Arabia and Switzerland – authorization for signature by Saudi Arabia</onlinetitle>
			<articledate isodate="20180208">8 February 2018</articledate>
			<author initials="BN"/>
			<correspondent>Report from IBFD Tax Treaties Unit</correspondent>
			<reference><extxref target="tns_2017-07-20_sa_1" alttext="Saudi Arabia; Switzerland - Treaty between Saudi Arabia and Switzerland – negotiations update (20 July 2017), News IBFD.">Saudi Arabia-1, News 20 July 2017</extxref></reference>
			<reference><extxref target="tt_sa-ch_01_eng_2014_tt__td1">Saudi Arabia - Switzerland Income and Capital Tax Treaty</extxref></reference>
			<source>see admin sheet</source>
			</tnsarticleinfo>
			<tnsarticletext>
			<p>On 6 February 2018, the Saudi Arabian cabinet authorized the Minister of Finance to sign an income and capital tax treaty with Switzerland. Further developments will be reported as they occur.</p>
			<p>Treaty texts are published in the Treaties collection on <emph type="i">IBFD's Tax Research Platform</emph>, as available.</p>
			
			</tnsarticletext>
			</tnsarticle>
