<?xml version="1.0" encoding="utf-8"?>
<!-- Created 2018-02-08T13:47:20.414+01:00-->
<!DOCTYPE tnsarticle PUBLIC "-//IBFD//ELEMENTS TNS//EN" "http://dtd.ibfd.org/dtd/tns/tnsarticle.dtd">
<tnsarticle guid="tns_2018-02-08_do_3" suppress-in-treaty-news="n" reporttype="standard" tns-report-hilites="no" tns-mli-hilites="no">
			<tnsarticleinfo>
			<countrylist main="do">
				<country cc="do"><countryname>Dominican Republic</countryname></country>
			</countrylist>
			<topics>
			<topic tc="2_17" score="3">Tax Management / Procedure / Administration</topic></topics>
			<onlinetitle>Additional guidance issued on authorized sequence invoices</onlinetitle>
			<articledate isodate="20180208">8 February 2018</articledate>
			<author initials="MC"/>
			<correspondent>Report from our correspondent Mariano Corral, FITS Financial &amp; Tax Services, Dominican Republic</correspondent>
			<reference><extxref target="gtha_do_s_1.8.">Dominican Republic - Corporate Taxation - Country Surveys section 1.8.</extxref></reference>
			<source>http://www.dgii.gov.do/informacionTributaria/publicaciones/avisosInformativos/Documents/13-18.pdf</source>
			</tnsarticleinfo>
			<tnsarticletext>
			<p>On 1 February 2018, the Directorate General of Internal Revenue (DGII) published <url target="http://www.dgii.gov.do/informacionTributaria/publicaciones/avisosInformativos/Documents/13-18.pdf">Notice No. 13-2018</url> presenting the modified format of the authorized sequence number, effective from 1 May 2018.</p>
			<p>In the Dominican Republic, every expense incurred by a taxpayer (subject to certain exceptions) must be documented by an invoice issued with an authorized sequence number (<emph type="i">número de comprobante fiscal,</emph> NCF) in order to be allowed as a tax deduction.</p>
			<p>An example of the modified authorized sequence number is B0100000005. The letter B indicates the series, the next 2 digits specify the type of invoice and the last 8 digits refer to the sequence, for a total of 11 characters.</p>
			<p/>
			</tnsarticletext>
			</tnsarticle>
