<?xml version="1.0" encoding="utf-8"?>
<!-- Created 2018-02-21T15:06:38.628+01:00-->
<!DOCTYPE tnsarticle PUBLIC "-//IBFD//ELEMENTS TNS//EN" "http://dtd.ibfd.org/dtd/tns/tnsarticle.dtd">
<tnsarticle guid="tns_2018-02-21_uk_1" suppress-in-treaty-news="n" reporttype="standard" tns-report-hilites="no" tns-mli-hilites="no">
			<tnsarticleinfo>
			<countrylist main="uk">
				<country cc="uk"><countryname>United Kingdom</countryname></country>
			</countrylist>
			<topics>
			<topic tc="1_2_24_1_2" score="3">Pensions</topic></topics>
			<onlinetitle>The Finance Act 2004 (Standard Lifetime Allowance) Regulations 2018 made</onlinetitle>
			<articledate isodate="20180221">21 February 2018</articledate>
			<author initials="OP"/>
			<correspondent>Report from Oana Popa, Senior Associate, IBFD</correspondent>
			<reference><extxref target="gthb_uk_s_1.3.3.">United Kingdom - Individual Taxation - Country Surveys sections 1.3.3.</extxref>, <extxref target="gthb_uk_s_1.7.2.">1.7.2.</extxref></reference>
			<reference><extxref target="ita_uk_s_1.3.3.">United Kingdom - Individual Taxation - Country Analyses sections 1.3.3.</extxref>, <extxref target="ita_uk_s_1.8.2.">1.8.2.</extxref></reference>
			<source>http://www.legislation.gov.uk/uksi/2018/206/regulation/2/made</source>
			</tnsarticleinfo>
			<tnsarticletext>
			<p>​​The Finance Act 2004 (Standard Lifetime Allowance) <url target="http://www.legislation.gov.uk/uksi/2018/206/regulation/2/made">Regulations</url> 2018 were made on 20 February 2018. The Regulations set the standard lifetime allowance for the tax year 2018-19 at GBP 1,030,000.</p>
			<p/>
			<p/>
			<p/>
			<p/>
			</tnsarticletext>
			</tnsarticle>
