<?xml version="1.0" encoding="utf-8"?>
<!-- Created 2018-02-22T11:04:18.268+01:00-->
<!DOCTYPE tnsarticle PUBLIC "-//IBFD//ELEMENTS TNS//EN" "http://dtd.ibfd.org/dtd/tns/tnsarticle.dtd">
<tnsarticle guid="tns_2018-02-22_co_1" suppress-in-treaty-news="n" reporttype="standard"><tnsarticleinfo>
			<countrylist main="co">
				<country cc="co"><countryname>Colombia</countryname></country>
			</countrylist>
			<topics>
			<topic tc="1_1_21_11_1" score="3">Deductible</topic></topics>
			<onlinetitle>Investments in science, technology and innovation projects – maximum deductible amount set for 2018</onlinetitle>
			<articledate isodate="20180222">22 February 2018</articledate>
			<author initials="AP"/>
			<correspondent>Report from our correspondent Andrea Prieto</correspondent>
			<reference><extxref target="gtha_co_s_1.3.3.1.">Colombia - Corporate Taxation - Country Surveys sections 1.3.3.1.</extxref>, <extxref target="gtha_co_s_1.7.">1.7.</extxref></reference>
			<reference><extxref target="cta_co_s_1.4.8.">Colombia - Corporate Taxation - Country Analyses sections 1.4.8.</extxref>, <extxref target="cta_co_s_1.4.9.3.">1.4.9.3.</extxref>, <extxref target="cta_co_s_1.9.4.2.">1.9.4.2.</extxref></reference>
			<source>Text of the law</source>
			</tnsarticleinfo>
			<tnsarticletext>
			<p>In a recently published regulation (Administrative Regulation 18 of 2017), the National Council of Tax Benefits in Science, Technology and Innovation (<emph type="i">Consejo Nacional de Beneficios Tributarios en Ciencia y Technología,</emph> CNBT) provided the maximum amount deductible for investments made in science, technology and innovation projects (qualified projects) for tax year 2018, as follows:</p>
			
<list type="dash">
<item><label>-</label>the maximum annual amount of investments made by taxpayers that is eligible for the tax benefit provided by article 158-1 of the Tax Code (TC) is COP 640 billion;</item>
<item><label>-</label>the maximum annual amount that can be deducted by taxpayers when investing in qualified projects under article 158-1 of the TC is COP 90 billion per project; and</item>
<item><label>-</label>the maximum annual amount of donations made through the higher education institutions or the Colombian Institute of Education and Technical Studies Abroad (<emph type="i">Instituto Colombiano de Crédito Educativo Y Estudios Técnicos en el Exterior</emph>, ICETEX) aimed at financing qualified programs that benefit students from socio-economic strata 1, 2 and 3 according to the conditions provided by article 158-1 of the TC is COP 100 billion.</item>
</list>
<p><emph type="i">Note</emph>: Administrative Regulation 18 of 2017 applies to the investments and donations listed in articles 158-1 and 256 of the TC made in 2018.</p>
			<p/>
			<p/>
			</tnsarticletext>
			</tnsarticle>
