<?xml version="1.0" encoding="utf-8"?>
<!-- Created 2018-02-21T13:55:04.276+01:00-->
<!DOCTYPE tnsarticle PUBLIC "-//IBFD//ELEMENTS TNS//EN" "http://dtd.ibfd.org/dtd/tns/tnsarticle.dtd">
<tnsarticle guid="tns_2018-02-21_ua_5" suppress-in-treaty-news="n" reporttype="standard" tns-report-hilites="no" tns-mli-hilites="no">
			<tnsarticleinfo>
			<countrylist main="ua">
				<country cc="ua"><countryname>Ukraine</countryname></country>
			</countrylist>
			<topics>
			<topic tc="1_3_1_2" score="3">Interest</topic><topic tc="1_3_1_3_1" score="3">Copyrights</topic><topic tc="2_11_41" score="3">Withholding Taxes</topic></topics>
			<onlinetitle>Application of tax treaties clarified</onlinetitle>
			<articledate isodate="20180221">21 February 2018</articledate>
			<author initials="kt"/>
			<correspondent>Report from our correspondent Ms Jana Trouch</correspondent>
			<reference><extxref target="gtha_ua_s_6.3.2.">Ukraine - Corporate Taxation - Country Surveys sections 6.3.2.</extxref>, <extxref target="gtha_ua_s_6.3.3.">6.3.3.</extxref></reference>
			<reference><extxref target="cta_ua_s_7.3.4.2.">Ukraine - Corporate Taxation - Country Analyses sections 7.3.4.2.</extxref>, <extxref target="cta_ua_s_7.3.4.3.">7.3.4.3.</extxref></reference>
			<source>correspondent</source>
			</tnsarticleinfo>
			<tnsarticletext>
			<p>On 7 February 2018, the State Fiscal Service (SFS) <url target="http://sfs.gov.ua/podatki-ta-zbori/zagalnoderjavni-podatki/podatok-na-pributok-pidpri/listi-dps/325132.html">published</url> Guidance Letter No. 2834/7/99-99-15-02-01-17 of 31 January 2018, clarifying the procedure for the application of tax treaties to income paid from Ukrainian sources under a syndicated loan and the royalties paid in the film industry.</p>
			<p>The SFS stated that, under the amendments to article 103 of the Tax Code (effective 1 January 2018), the following applies:</p>
			
<list type="dash">
<item><label>-</label>the income payer (tax agent) must apply the tax rate provided by the relevant tax treaty, as of the date of payment of interest or other income received from Ukrainian sources by syndicated lenders, taking into account the tax residence of each syndicated lender and in proportion to its share in the syndicated loan, provided that the lender is the beneficial owner of the income, regardless of whether the payment is made to the non-resident syndicated lenders directly or through an agent; and</item>
<item><label>-</label>if residents engaged in the Ukrainian film industry pay royalties to non-residents under sublicense agreements for the use of or the right to use audiovisual works (including films), as well as other objects of copyright and/or related rights used in the production (creation) of audiovisual works (including films), then such non-residents are considered to be the beneficial owners of the royalties.</item>
</list>
<p/>
			<p/>
			</tnsarticletext>
			</tnsarticle>
