<?xml version="1.0" encoding="utf-8"?>
<!-- Created 2018-02-21T15:36:10.047+01:00-->
<!DOCTYPE tnsarticle PUBLIC "-//IBFD//ELEMENTS TNS//EN" "http://dtd.ibfd.org/dtd/tns/tnsarticle.dtd">
<tnsarticle guid="tns_2018-02-21_ua_6" suppress-in-treaty-news="n" reporttype="standard" tns-report-hilites="no" tns-mli-hilites="no">
			<tnsarticleinfo>
			<countrylist main="ua">
				<country cc="ua"><countryname>Ukraine</countryname></country>
			</countrylist>
			<topics>
			<topic tc="1_2_22" score="3">Rates</topic><topic tc="1_2_24_2_12" score="3">Income from Property</topic></topics>
			<onlinetitle>Tax treatment of income from movable and immovable property</onlinetitle>
			<articledate isodate="20180221">21 February 2018</articledate>
			<author initials="kt"/>
			<correspondent>Report from our correspondent Ms Jana Trouch</correspondent>
			<reference><extxref target="gthb_ua_s_1.2.1.">Ukraine - Individual Taxation - Country Surveys sections 1.2.1.</extxref>, <extxref target="gthb_ua_s_1.5.">1.5.</extxref>, <extxref target="gthb_ua_s_1.9.1.">1.9.1.</extxref>, <extxref target="gthb_ua_s_2.">2.</extxref>, <extxref target="gthb_ua_s_6.1.1.">6.1.1.</extxref></reference>
			<reference><extxref target="ita_ua_s_1.2.1.">Ukraine - Individual Taxation - Country Analyses sections 1.2.1.</extxref>, <extxref target="ita_ua_s_1.5.">1.5.</extxref>, <extxref target="ita_ua_s_1.5.4.">1.5.4.</extxref>, <extxref target="ita_ua_s_1.10.1.">1.10.1.</extxref>, <extxref target="ita_ua_s_2.">2.</extxref>, <extxref target="ita_ua_s_7.1.1.4.">7.1.1.4.</extxref></reference>
			<source>correspondent</source>
			</tnsarticleinfo>
			<tnsarticletext>
			<p>On 8 February 2018, the State Fiscal Service (SFS) <url target="http://www.visnuk.com.ua/uk/news/100007116-yaki-dokhodi-mayut-deklaruvati-fizosobi-za-pidsumkami-2017-roku">clarified</url> the tax treatment of income from movable and immovable property.</p>
			<p>According to the SFS, the following income is subject to individual income tax at 5% and the military contribution at 1.5%:</p>
			
<list type="dash">
<item><label>-</label>gains from the sale (exchange) of property and property received as a gift, under a notarized contract, the tax on which was not paid, provided that such income is subject to tax;</item>
<item><label>-</label>gains from the sale (exchange) of movable property received by resident individuals, in the event that the individual has not paid tax prior to the notarization of the transaction, or if the transaction took place directly at the service centres of the Ministry of Internal Affairs, provided that such income is subject to tax;</item>
<item><label>-</label>income from property inherited or property received as a gift from individuals who are not relatives in the first degree, in the event that the individual has not paid tax prior to the notarization of the transaction; and</item>
<item><label>-</label>income from property, the ownership of which was obtained under a court decision.</item>
</list>
<p>Property inherited or received as a gift by a resident individual from a non-resident individual is subject to individual income tax at 18% and the military contribution at 1.5%.</p>
			<p/>
			<p/>
			</tnsarticletext>
			</tnsarticle>
