<?xml version="1.0" encoding="utf-8"?>
<!-- Created 2018-02-21T15:48:33.057+01:00-->
<!DOCTYPE tnsarticle PUBLIC "-//IBFD//ELEMENTS TNS//EN" "http://dtd.ibfd.org/dtd/tns/tnsarticle.dtd">
<tnsarticle guid="tns_2018-02-21_ua_7" suppress-in-treaty-news="n" reporttype="standard" tns-report-hilites="no" tns-mli-hilites="no">
			<tnsarticleinfo>
			<countrylist main="ua">
				<country cc="ua"><countryname>Ukraine</countryname></country>
			</countrylist>
			<topics>
			<topic tc="1_1_21_15" score="3">Exemptions</topic><topic tc="1_3_1_2" score="3">Interest</topic></topics>
			<onlinetitle>Corporate income tax exemptions clarified</onlinetitle>
			<articledate isodate="20180221">21 February 2018</articledate>
			<author initials="kt"/>
			<correspondent>Report from our correspondent Ms Jana Trouch</correspondent>
			<reference><extxref target="gtha_ua_s_1.3.2.">Ukraine - Corporate Taxation - Country Surveys sections 1.3.2.</extxref>, <extxref target="gtha_ua_s_6.3.2.">6.3.2.</extxref></reference>
			<reference><extxref target="cta_ua_s_1.2.3.">Ukraine - Corporate Taxation - Country Analyses sections 1.2.3.</extxref>, <extxref target="cta_ua_s_7.3.4.2.">7.3.4.2.</extxref></reference>
			<source>correspondent</source>
			</tnsarticleinfo>
			<tnsarticletext>
			<p>On 7 February 2018, the State Fiscal Service (SFS) <url target="http://sfs.gov.ua/podatki-ta-zbori/zagalnoderjavni-podatki/podatok-na-pributok-pidpri/listi-dps/325132.html">published</url> Guidance Letter No. 2834/7/99-99-15-02-01-17 of 31 January 2018, clarifying the corporate income tax exemptions that became effective on 1 January 2018.</p>
			<p>According to the SFS, section XX, subsection 4(46) of the Tax Code (TC) provides for the exemption from corporate income tax of income paid by a resident to a non-resident, or a person authorized by the non-resident, in the form of interest on a loan granted to the resident before 31 December 2016, provided that the loan was granted through placement of foreign debt securities on a foreign stock exchange and complies with the provisions of article 141.4.11 (b) of the TC. This article states that the funds provided to the resident under a loan must be received with the purpose of granting (directly or indirectly) a loan to the resident. Therefore, it is no longer required for the non-resident that receives interest income under a loan to reside in a jurisdiction that, on the date of placement by a non-resident of foreign debt securities, is included in the list of low-tax jurisdictions approved by the Cabinet of Ministers of Ukraine.</p>
			<p>The SFS also stated that a corporate income tax exemption applies, until 1 January 2020, to income of legal entities realized from their economic activities involving the use of gas (methane) of coal deposits and/or raw materials of gas (methane) of coal deposits, including gas-air mixture containing gas (methane), which does not meet the quality requirements for the natural gas intended for transportation, industrial and municipal consumption.</p>
			<p/>
			<p/>
			</tnsarticletext>
			</tnsarticle>
