<?xml version="1.0" encoding="utf-8"?>
<!-- Created 2018-02-12T08:48:18.729+01:00-->
<!DOCTYPE tnsarticle PUBLIC "-//IBFD//ELEMENTS TNS//EN" "http://dtd.ibfd.org/dtd/tns/tnsarticle.dtd">
<tnsarticle guid="tns_2018-02-12_naf_1" suppress-in-treaty-news="n" reporttype="standard" tns-report-hilites="no" tns-mli-hilites="no">
			<tnsarticleinfo>
			<countrylist main="naf">
				<country cc="naf"><countryname>NAFTA</countryname></country>
				<country cc="ca"><countryname>Canada</countryname></country>
				<country cc="mx"><countryname>Mexico</countryname></country>
				<country cc="us"><countryname>United States</countryname></country>
			</countrylist>
			<topics>
			<topic tc="1_5_21_1" score="3">Import</topic><topic tc="1_5_21_2" score="3">Export</topic><topic tc="2_11" score="3">Treaties</topic><topic tc="2_18_11_1" score="3">Copyrights</topic></topics>
			<onlinetitle>Revision to NAFTA – sixth round of negotiations</onlinetitle>
			<articledate isodate="20180212">12 February 2018</articledate>
			<author initials="NB"/>
			<correspondent>Report from IBFD Tax Treaties Unit</correspondent>
			<reference><extxref target="tns_2017-11-22_naf_1" alttext="NAFTA; Canada; Mexico; United States - Revision to NAFTA – fifth round of negotiations (22 Nov. 2017), News IBFD.">NAFTA-1, News 22 November 2017</extxref></reference>
			<source>See admin sheet</source>
			</tnsarticleinfo>
			<tnsarticletext>
			<p>The sixth round of negotiations to update the 1992 North American Free Trade Agreement (NAFTA) was held in Montréal from 23 to 29 January 2018. A seventh round of negotiations has been scheduled to take place in Mexico City from 26 February to 6 March 2018. Further developments will be reported as they occur.</p>
			
			</tnsarticletext>
			</tnsarticle>
