<?xml version="1.0" encoding="utf-8"?>
<!-- Created 2018-02-12T11:16:15.809+01:00-->
<!DOCTYPE tnsarticle PUBLIC "-//IBFD//ELEMENTS TNS//EN" "http://dtd.ibfd.org/dtd/tns/tnsarticle.dtd">
<tnsarticle guid="tns_2018-02-12_au_1" suppress-in-treaty-news="n" reporttype="standard" tns-report-hilites="no" tns-mli-hilites="no">
			<tnsarticleinfo>
			<countrylist main="au">
				<country cc="au"><countryname>Australia</countryname></country>
			</countrylist>
			<topics>
			<topic tc="1_1_31" score="3">Anti-Avoidance / Anti-Evasion</topic><topic tc="1_2_31" score="3">Anti-Avoidance / Anti-Evasion</topic></topics>
			<onlinetitle>Multinational Anti-Avoidance Law to be tightened</onlinetitle>
			<articledate isodate="20180212">12 February 2018</articledate>
			<author initials="TT"/>
			<correspondent>Report from Tom Toryanik, Singapore</correspondent>
			<reference><extxref target="gtha_au_s_7.">Australia - Corporate Taxation - Country Surveys section 7.</extxref></reference>
			<reference><extxref target="cta_au_s_10.">Australia - Corporate Taxation - Country Analyses section 10.</extxref></reference>
			<source>https://treasury.gov.au/consultation/c2018-t261444/</source>
			</tnsarticleinfo>
			<tnsarticletext>
			<p>On 12 February 2018, the Treasury released for comment Exposure Draft Legislation and Explanatory Materials that will strengthen the Multinational Anti-Avoidance Law (MAAL) by ensuring that its application cannot be avoided by interposing an Australian trust or partnership between the foreign entity subject to the MAAL and its Australian customers.</p>
			<p>The MAAL took effect from 1 January 2016 and targets multinationals that escape Australian tax by using artificial or contrived arrangements to avoid having a taxable presence in Australia.</p>
			<p/>
			<p/>
			</tnsarticletext>
			</tnsarticle>
