<?xml version="1.0" encoding="utf-8"?>
<!-- Created 2018-02-12T13:39:59.742+01:00-->
<!DOCTYPE tnsarticle PUBLIC "-//IBFD//ELEMENTS TNS//EN" "http://dtd.ibfd.org/dtd/tns/tnsarticle.dtd">
<tnsarticle guid="tns_2018-02-12_lu_3" suppress-in-treaty-news="n" reporttype="standard" tns-report-hilites="no" tns-mli-hilites="no">
			<tnsarticleinfo>
			<countrylist main="lu">
				<country cc="lu"><countryname>Luxembourg</countryname></country>
			</countrylist>
			<topics>
			<topic tc="2_17_1" score="3">Records</topic><topic tc="2_12_1_2_5" score="3">Mutual Assistance</topic><topic tc="2_16_31_1" score="3">Required Documentation</topic><topic tc="2_17_11" score="3">Powers of Investigation</topic><topic tc="2_17_12" score="3">Exchange of Information</topic><topic tc="2_17_61" score="3">Collection</topic></topics>
			<onlinetitle>Draft Grand-Ducal Regulation on Country-by-Country Reporting approved</onlinetitle>
			<articledate isodate="20180212">12 February 2018</articledate>
			<author initials="GLD and LC"/>
			<correspondent>Gaspar Lopes Dias and Locif Choulak, Loyens &amp; Loeff Luxembourg</correspondent>
			<reference><extxref target="gtha_lu_s_7.2.">Luxembourg - Corporate Taxation - Country Surveys section 7.2.</extxref></reference>
			<reference><extxref target="cta_lu_s_10.2.">Luxembourg - Corporate Taxation - Country Analyses section 10.2.</extxref></reference>
			<reference><extxref target="tp_lu_s_13.2.">Luxembourg - Transfer Pricing section 13.2.</extxref></reference>
			<source>Report Government Council of 2 February 2018</source>
			</tnsarticleinfo>
			<tnsarticletext>
			<p>On 2 February 2018, The Council of Ministers approved a draft Grand-Ducal Regulation on Country-by-Country Reporting establishing the list of jurisdictions subject to country-by-country reporting. It is part of the automatic exchange of information in accordance with the classification established by the OECD.</p>
			<p/>
			<p/>
			</tnsarticletext>
			</tnsarticle>
