<?xml version="1.0" encoding="utf-8"?>
<!-- Created 2018-02-12T14:25:51.365+01:00-->
<!DOCTYPE tnsarticle PUBLIC "-//IBFD//ELEMENTS TNS//EN" "http://dtd.ibfd.org/dtd/tns/tnsarticle.dtd">
<tnsarticle guid="tns_2018-02-12_no_1" suppress-in-treaty-news="n" reporttype="standard" tns-report-hilites="no"><tnsarticleinfo>
			<countrylist main="no">
				<country cc="no"><countryname>Norway</countryname></country>
			</countrylist>
			<topics>
			<topic tc="1_1_24_3" score="3">Capital Gains</topic><topic tc="1_2_24_3" score="3">Capital Gains</topic><topic tc="1_4_3_21_2" score="3">Services</topic><topic tc="1_4_6_21" score="3">Conversion of Foreign Currency(ies)</topic><topic tc="2_18_22" score="3">Exchange Control</topic></topics>
			<onlinetitle>Minister of Finance confirms tax treatment of cryptocurrency</onlinetitle>
			<articledate isodate="20180212">12 February 2018</articledate>
			<author initials="AG"/>
			<correspondent>Report from Adrian Grant, Associate, IBFD</correspondent>
			<reference><extxref target="gtha_no_s_8.">Norway - Corporate Taxation - Country Surveys section 8.</extxref></reference>
			<reference><extxref target="cta_no_s_13.1.">Norway - Corporate Taxation - Country Analyses section 13.1.</extxref></reference>
			<reference><extxref target="evat_no_s_3.2.">Norway - VAT &amp; Sales Tax section 3.2.</extxref></reference>
			<source>https://www.regjeringen.no/no/aktuelt/sporsmal-No.-777-fra-representant-gjelsvik-om-registrering-og-sporbarhet-av-handel-med-bitcoin-kryptovaluta/id2588056/</source>
			</tnsarticleinfo>
			<tnsarticletext>
			<p>On 30 January 2018, the Minister of Finance, in an answer to Question No. 777 of the parliament debate concerning registration and traceability of bitcoin trade, confirmed that cryptocurrency is excluded from financial services for VAT purposes, and that gains on sales are taxable and losses are deductible in light of general tax rules.</p>
			<p>The full answer can be read <url target="https://www.regjeringen.no/no/aktuelt/sporsmal-nr.-777-fra-representant-gjelsvik-om-registrering-og-sporbarhet-av-handel-med-bitcoin-kryptovaluta/id2588056/">here</url> (in Norwegian).</p>
			<p/>
			</tnsarticletext>
			</tnsarticle>
