<?xml version="1.0" encoding="utf-8"?>
<!-- Created 2018-02-12T15:04:49.198+01:00-->
<!DOCTYPE tnsarticle PUBLIC "-//IBFD//ELEMENTS TNS//EN" "http://dtd.ibfd.org/dtd/tns/tnsarticle.dtd">
<tnsarticle guid="tns_2018-02-12_il_1" suppress-in-treaty-news="n" reporttype="soc_sec_tt_neg" tns-report-hilites="no" tns-mli-hilites="no">
			<tnsarticleinfo>
			<countrylist main="il">
				<country cc="il"><countryname>Israel</countryname></country>
				<country cc="md"><countryname>Moldova</countryname></country>
			</countrylist>
			<topics>
			<topic tc="2_11_13" score="3">Bilateral Double Tax Relief [DTR]</topic><topic tc="1_5_12" score="3">Social Security Contributions</topic></topics>
			<onlinetitle>Social security agreement and administrative arrangement between Israel and Moldova – third round of negotiations</onlinetitle>
			<articledate isodate="20180212">12 February 2018</articledate>
			<author initials="BN"/>
			<correspondent>Report from IBFD Tax Treaties Unit</correspondent>
			<reference><extxref target="tns_2018-01-30_md_2" alttext="Moldova; Israel - Administrative arrangement to social security agreement between Israel and Moldova – authorization for negotiations by Moldova (30 Jan. 2018), News IBFD.">Moldova-2, News 30 January 2018</extxref></reference>
			<reference><extxref target="tns_2016-04-05_il_1" alttext="Israel; Moldova - Social security agreement between Israel and Moldova – second round of negotiations (05 Apr. 2016), News IBFD.">Israel-1, News 5 April 2016</extxref></reference>
			<reference><extxref target="tt_il-md_50_eng_2014_tt__td1">Israel - Moldova Social Security Agreement</extxref></reference>
			<source>see admin sheet</source>
			</tnsarticleinfo>
			<tnsarticletext>
			<p>The third round of negotiations for a social security agreement and administrative arrangement between Israel and Moldova was held in Jerusalem from 6 to 8 February 2018. Further developments will be reported as they occur.</p>
			<p>Treaty texts are published in the Treaties collection on <emph type="i">IBFD's Tax Research Platform</emph>, as available.</p>
			
			</tnsarticletext>
			</tnsarticle>
