<?xml version="1.0" encoding="utf-8"?>
<!-- Created 2018-02-12T08:48:52.842+01:00-->
<!DOCTYPE tnsarticle PUBLIC "-//IBFD//ELEMENTS TNS//EN" "http://dtd.ibfd.org/dtd/tns/tnsarticle.dtd">
<tnsarticle guid="tns_2018-02-12_lb_1" suppress-in-treaty-news="n" reporttype="standard" tns-report-hilites="no" tns-mli-hilites="no">
			<tnsarticleinfo>
			<countrylist main="lb">
				<country cc="lb"><countryname>Lebanon</countryname></country>
				<country cc="sy"><countryname>Syria</countryname></country>
			</countrylist>
			<topics>
			<topic tc="2_11_13" score="3">Bilateral Double Tax Relief [DTR]</topic><topic tc="2_11_41" score="3">Withholding Taxes</topic></topics>
			<onlinetitle>Protocol to treaty between Lebanon and Syria – update</onlinetitle>
			<articledate isodate="20180212">12 February 2018</articledate>
			<author initials="BN"/>
			<correspondent>Report from IBFD Tax Treaties Unit</correspondent>
			<reference><extxref target="tns_2010-12-23_sy_1" alttext="Syria; Lebanon - Protocol to treaty between Syria and Lebanon approved by Syria (23 Dec. 2010), News IBFD.">Syria-1, News 23 December 2010</extxref></reference>
			<reference><extxref target="tt_lb-sy_01_ara_1997_tt__td1">Lebanon - Syria Income Tax Treaty (1997)</extxref></reference>
			<reference><extxref target="tt_lb-sy_01_ara_1997_tt__ad1">Protocol to the 1997 Treaty (2010)</extxref></reference>
			<source>see admin sheet</source>
			</tnsarticleinfo>
			<tnsarticletext>
			<p>Following a recent meeting held in Damascus, the officials from Lebanon and Syria have agreed on the necessity of activating the <extxref target="tt_lb-sy_01_ara_1997_tt__ad1" alttext="amending protocol">amending protocol</extxref>, signed on 18 July 2010, to the <extxref target="tt_lb-sy_01_ara_1997_tt__td1">Lebanon - Syria Income Tax Treaty (1997)</extxref>. Further developments will be reported as they occur.</p>
			
			</tnsarticletext>
			</tnsarticle>
