<?xml version="1.0" encoding="utf-8"?>
<!-- Created 2018-02-12T08:57:12.32+01:00-->
<!DOCTYPE tnsarticle PUBLIC "-//IBFD//ELEMENTS TNS//EN" "http://dtd.ibfd.org/dtd/tns/tnsarticle.dtd">
<tnsarticle guid="tns_2018-02-12_cz_1" suppress-in-treaty-news="n" reporttype="standard" tns-report-hilites="no" tns-mli-hilites="yes">
			<tnsarticleinfo>
			<countrylist main="cz">
				<country cc="cz"><countryname>Czech Republic</countryname></country>
				<country cc="o2"><countryname>OECD</countryname></country>
			</countrylist>
			<topics>
			<topic tc="2_16_42_1" score="3">Mutual Agreement Procedure [MAP]</topic><topic tc="2_12_1_3_1" score="3">Arbitration</topic><topic tc="2_11_13" score="3">Bilateral Double Tax Relief [DTR]</topic><topic tc="2_11_2_1" score="3">Context</topic><topic tc="1_1_52_1" score="3">Hybrid(s) Entities / Instruments</topic><topic tc="1_2_52_1" score="1">Hybrid(s) Entities / Instruments</topic><topic tc="2_13_81" score="3">Hybrid(s) Entities / Instruments</topic><topic tc="1_1_1_1_1" score="1">Resident</topic><topic tc="2_11_1_2" score="3">Resident / Residence</topic><topic tc="1_1_31_2_21" score="3">Treaty Shopping</topic><topic tc="1_1_31_2_22" score="3">Conduit Companies / Beneficial Ownership</topic><topic tc="2_11_1_4" score="3">Limitation on Benefits [LOB]</topic><topic tc="2_11_2" score="3">Interpretation</topic><topic tc="1_1_31_1" score="3">General</topic><topic tc="1_2_31_1" score="2">General</topic><topic tc="2_11_1" score="3">Benefits</topic><topic tc="1_3_1_1_1" score="1">Substantial</topic><topic tc="2_11_41" score="3">Withholding Taxes</topic><topic tc="2_13_12" score="1">Exchange of Shares</topic><topic tc="2_14_1" score="1">Dividends / Profits Distributions</topic><topic tc="1_3_1_5_11" score="1">Substantial</topic><topic tc="1_3_1_5_1" score="1">Shares</topic><topic tc="1_3_1_5_2" score="1">Immovable(s) Properties</topic><topic tc="2_11_41" score="3">Withholding Taxes</topic><topic tc="2_13_51" score="1">Capital Gains</topic><topic tc="2_14_2" score="1">Capital Gains / Losses</topic><topic tc="2_11_21" score="3">Permanent Establishments [PEs]</topic><topic tc="2_15_2" score="3">Allocation of Business Profits</topic><topic tc="2_11_31" score="3">Transfer Pricing</topic><topic tc="2_15_2" score="3">Allocation of Business Profits</topic><topic tc="2_16_32_2" score="3">Adjustments</topic><topic tc="2_17_21" score="2">Assessments</topic><topic tc="2_15_1_3" score="3">Agency</topic><topic tc="2_15_1_5" score="3">Provision of Services</topic><topic tc="2_16_13_21_13_1" score="1">Commissionaire</topic><topic tc="2_15_1_11" score="3">Exclusions</topic><topic tc="2_15_1_1_1" score="3">Fixed Place of Business</topic><topic tc="2_15_1_5" score="3">Provision of Services</topic><topic tc="2_16_32_2" score="3">Adjustments</topic><topic tc="2_17_21" score="3">Assessments</topic><topic tc="2_11_16" score="3">Mutual Agreement Procedure [MAP]</topic><topic tc="2_16_42_1" score="3">Mutual Agreement Procedure [MAP]</topic><topic tc="2_15_2" score="3">Allocation of Business Profits</topic></topics>
			<onlinetitle>Multilateral Instrument (MLI): Details of Reservations and Notifications – Czech Republic</onlinetitle>
			<articledate isodate="20180212">12 February 2018</articledate>
			<author initials="NB"/>
			<correspondent>Report from IBFD Tax Treaties Unit</correspondent>
			<reference><extxref target="tns_2017-06-08_cz_1" alttext="Czech Republic; OECD - Multilateral Instrument (MLI) – reservation and notification statement released for Czech Republic (08 June 2017), News IBFD.">Czech Republic-1, News 8 June 2017</extxref></reference>
			<reference><extxref target="tt_cz_02_eng_2017_tt__td1">Czech Republic MLI Reservations and Notifications (2017)</extxref></reference>
			<reference><extxref target="tt_o2_02_eng_2016_tt__td1">OECD Multilateral Convention (MLI) (2016)</extxref></reference>
			<source>See admin sheet</source>
			</tnsarticleinfo>
			<tnsarticletext>
			<p>Following the Czech Republic's signing of the <extxref target="tt_o2_02_eng_2016_tt__td1">OECD Multilateral Convention (MLI)</extxref> (the Convention) on 7 June 2017, the government of the Czech Republic released its provisional list of expected <extxref target="tt_cz_02_eng_2017_tt__td1">Reservations and Notifications</extxref> pursuant to Articles 28(7) and 29(4) of the Convention. The Reservations and Notifications will be confirmed upon deposit of the instrument of ratification subject to Articles 28(6) and 29(3) of the Convention.</p>
			<p>The listed reservations are:</p>
			
<list type="dash">
<item><label>-</label>Article 3 (Transparent Entities): the Czech Republic reserves the right for the entirety of Article 3 not to apply to its Covered Tax Agreements.</item>
<item><label>-</label>Article 4 (Dual Resident Entities): the Czech Republic reserves the right for the entirety of Article 4 not to apply to its Covered Tax Agreements.</item>
<item><label>-</label>Article 5 (Application of Methods for Elimination of Double Taxation): the Czech Republic reserves the right for the entirety of Article 5 not to apply to its Covered Tax Agreements.</item>
<item><label>-</label>Article 8 (Dividend Transfer Transactions): the Czech Republic reserves the right for the entirety of Article 8 not to apply to its Covered Tax Agreements.</item>
<item><label>-</label>Article 9 (Capital Gains from Alienation of Shares or Interests of Entities Deriving their Value Principally from Immovable Property): the Czech Republic reserves the right for Article 9(1) not to apply to its Covered Tax Agreements.</item>
<item><label>-</label>Article 10 (Anti-abuse Rule for Permanent Establishments Situated in Third Jurisdictions): the Czech Republic reserves the right for the entirety of Article 10 not to apply to its Covered Tax Agreements.</item>
<item><label>-</label>Article 11 (Application of Tax Agreements to Restrict a Party's Right to Tax its Own Residents): the Czech Republic reserves the right for the entirety of Article 11 not to apply to its Covered Tax Agreements.</item>
<item><label>-</label>Article 12 (Artificial Avoidance of Permanent Establishment Status through Commissionaire Arrangements and Similar Strategies): the Czech Republic reserves the right for the entirety of Article 12 not to apply to its Covered Tax Agreements.</item>
<item><label>-</label>Article 13 (Artificial Avoidance of Permanent Establishment Status through the Specific Activity Exemptions): the Czech Republic reserves the right for the entirety of Article 13 not to apply to its Covered Tax Agreements.</item>
<item><label>-</label>Article 14 (Splitting-up of Contracts): the Czech Republic reserves the right for the entirety of Article 14 not to apply to its Covered Tax Agreements.</item>
<item><label>-</label>Article 15 (Definition of a Person Closely Related to an Enterprise): the Czech Republic reserves the right for the entirety of Article 15 not to apply to its Covered Tax Agreements to which the reservations described in Article 12(4), Article 13(6)(a) or (c), and Article 14(3)(a) apply.</item>
<item><label>-</label>Article 17 (Corresponding Adjustments): the Czech Republic reserves the right for the entirety of Article 17 not to apply to its Covered Tax Agreements on the basis that in the absence of a provision referred to in Article 17(2) in its Covered Tax Agreement:
<list type="dash">
<item><label>-</label>it shall make the appropriate adjustment referred to in Article 17(1); or</item>
<item><label>-</label>its competent authority shall endeavour to resolve the case under the provisions of a Covered Tax Agreement relating to mutual agreement procedure.</item>
</list>
</item>
</list>
<p>The notifications relate to the following articles:</p>
			
<list type="dash">
<item><label>-</label>Article 2 (Interpretation of terms): the Czech Republic lists 87 agreements that it wishes to be covered by the Convention.</item>
<item><label>-</label>Article 6 (Purpose of a Covered Tax Agreement): the Czech Republic lists 86 agreements it considers are not within the scope of a reservation under Article 6(4) and contain preamble language described in Article 6(2).</item>
<item><label>-</label>Article 7 (Prevention of Treaty Abuse): the Czech Republic chooses to apply the Article 7(4). In addition, the Czech Republic lists 23 agreements, together with the article and paragraph number, that it considers are not subject to a reservation under Article 7(15)(b) and contain a provision described in Article 7(2).</item>
<item><label>-</label>Article 16 (Mutual Agreement Procedure): the Czech Republic lists the following:
<list type="dash">
<item><label>–</label>87 agreements, together with the article and paragraph number, containing a provision described in Article 16(4)(a)(i); and</item>
<item><label>–</label>2 agreements, together with the article and paragraph number, containing a provision that provides that a case referred to in the first sentence of Article 16(1) must be presented within a specific time period that is shorter than 3 years from the first notification of the action resulting in taxation not in accordance with the provisions of the Covered Tax Agreement; and</item>
<item><label>–</label>73 agreements, together with the article and paragraph number, containing a provision that provides that a case referred to in the first sentence of Article 16(1) must be presented within a specific time period that is at least 3 years from the first notification of the action resulting in taxation not in accordance with the provisions of the Covered Tax Agreement; and</item>
<item><label>–</label>2 agreements that do not contain a provision described in Article 16(4)(b)(i); and</item>
<item><label>–</label>24 agreements that do not contain a provision described in Article 16(4)(b)(ii); and</item>
<item><label>-</label>1 agreement that does not contain a provision described in Article 16(4)(c)(i); and</item>
<item><label>-</label>10 agreements that do not contain a provision described in Article 16(4)(c)(ii).</item>
</list>
</item>
</list>

			</tnsarticletext>
			</tnsarticle>
