<?xml version="1.0" encoding="utf-8"?>
<!-- Created 2018-02-12T10:37:56.862+01:00-->
<!DOCTYPE tnsarticle PUBLIC "-//IBFD//ELEMENTS TNS//EN" "http://dtd.ibfd.org/dtd/tns/tnsarticle.dtd">
<tnsarticle guid="tns_2018-02-12_py_1" suppress-in-treaty-news="n" reporttype="inc_tax_tt_sig" tns-report-hilites="no" tns-mli-hilites="no">
			<tnsarticleinfo>
			<countrylist main="py">
				<country cc="py"><countryname>Paraguay</countryname></country>
				<country cc="qa"><countryname>Qatar</countryname></country>
			</countrylist>
			<topics>
			<topic tc="2_11_13" score="3">Bilateral Double Tax Relief [DTR]</topic><topic tc="2_11_41" score="3">Withholding Taxes</topic></topics>
			<onlinetitle>Treaty between Paraguay and Qatar signed</onlinetitle>
			<articledate isodate="20180212">12 February 2018</articledate>
			<author initials="BN"/>
			<correspondent>Report from IBFD Tax Treaties Unit</correspondent>
			<reference><extxref target="tns_2017-11-07_py_1" alttext="Paraguay; Qatar - Treaty between Paraguay and Qatar – authorization for signature by Qatar (07 Nov. 2017), News IBFD.">Paraguay-1, News 7 November 2017</extxref></reference>
			<reference><extxref target="tt_py-qa_01_eng_2018_tt__td1">Paraguay - Qatar Income Tax Treaty (2018)</extxref></reference>
			<source>see admin sheet</source>
			</tnsarticleinfo>
			<tnsarticletext>
			<p>On 11 February 2018, Paraguay and Qatar signed an income tax treaty in Doha. Further developments will be reported as they occur.</p>
			<p>Treaty texts are published in the Treaties collection on <emph type="i">IBFD's Tax Research Platform</emph>, as available.</p>
			
			</tnsarticletext>
			</tnsarticle>
