<?xml version="1.0" encoding="utf-8"?>
<!-- Created 2018-02-12T13:06:24.404+01:00-->
<!DOCTYPE tnsarticle PUBLIC "-//IBFD//ELEMENTS TNS//EN" "http://dtd.ibfd.org/dtd/tns/tnsarticle.dtd">
<tnsarticle guid="tns_2018-02-12_lu_1" suppress-in-treaty-news="n" reporttype="standard" tns-report-hilites="no" tns-mli-hilites="no">
			<tnsarticleinfo>
			<countrylist main="lu">
				<country cc="lu"><countryname>Luxembourg</countryname></country>
				<country cc="e2"><countryname>European Union</countryname></country>
				<country cc="us"><countryname>United States</countryname></country>
			</countrylist>
			<topics>
			<topic tc="2_17_11" score="3">Powers of Investigation</topic><topic tc="2_17_12" score="3">Exchange of Information</topic><topic tc="2_17_1" score="3">Records</topic><topic tc="2_17_21" score="3">Assessments</topic><topic tc="2_17_2" score="3">Filings / Returns</topic><topic tc="2_17_31" score="3">Payments</topic><topic tc="2_17_33" score="3">Interest &amp; Penalties</topic></topics>
			<onlinetitle>Bill implementing Regulation (EU) 2016/679 on protection of physical persons with regard to processing of personal data and free circulation of such data – adopted</onlinetitle>
			<articledate isodate="20180212">12 February 2018</articledate>
			<author initials="GLD and LC"/>
			<correspondent>Gaspar Lopes Dias and Locif Choulak, Loyens &amp; Loeff Luxembourg</correspondent>
			<reference><extxref target="gtha_lu_s_1.8.2.">Luxembourg - Corporate Taxation - Country Surveys sections 1.8.2.</extxref>, <extxref target="gtha_lu_s_1.8.3.">1.8.3.</extxref></reference>
			<reference><extxref target="gthb_lu_s_1.10.2.">Luxembourg - Individual Taxation - Country Surveys sections 1.10.2.</extxref>, <extxref target="gthb_lu_s_1.10.3.">1.10.3.</extxref></reference>
			<reference><extxref target="cta_lu_s_1.11.1.">Luxembourg - Corporate Taxation - Country Analyses sections 1.11.1.</extxref>, <extxref target="cta_lu_s_1.11.2.">1.11.2.</extxref>, <extxref target="cta_lu_s_1.11.4.">1.11.4.</extxref>, <extxref target="cta_lu_s_1.11.5.">1.11.5.</extxref>, <extxref target="cta_lu_s_1.11.8.">1.11.8.</extxref></reference>
			<reference><extxref target="ita_lu_s_1.11.1.">Luxembourg - Individual Taxation - Country Analyses sections 1.11.1.</extxref>, <extxref target="ita_lu_s_1.11.2.">1.11.2.</extxref>, <extxref target="ita_lu_s_1.11.4.">1.11.4.</extxref>, <extxref target="ita_lu_s_1.11.5.">1.11.5.</extxref></reference>
			<source>Report of Government Council of 2 February 2018 and Bill 7184 of 12 September 2017</source>
			</tnsarticleinfo>
			<tnsarticletext>
			<p>On 2 February 2018, the Council of Ministers adopted a proposal to implement the provisions of <url target="http://eur-lex.europa.eu/legal-content/en/TXT/?uri=CELEX%3A32016R0679">Regulation (EU) 2016/679</url> (the Regulation) on the protection of physical persons with regard to the processing of personal data and on the free circulation of such data and to repeal <url target="http://eur-lex.europa.eu/legal-content/en/TXT/?uri=CELEX%3A31995L0046">Directive 95/46/EC</url> (General Data Protection Regulation). The bill, in line with Bill 7184 of 12 September 2017, contains amendments to:</p>
			
<list type="dash">
<item><label>-</label>the General Tax Law of 22 May 1931 (<emph type="i">Abgabenordnung</emph>);</item>
<item><label>-</label>the Law of 29 March 2013 on administrative cooperation in the field of taxation;</item>
<item><label>-</label>the Law of 18 December 2015 on the Common Reporting Standard (CRS); and</item>
<item><label>-</label>the Law of 24 July 2015 relating to FATCA.</item>
</list>
<p>The purpose of the Regulation is to give citizens back control over the data that concern them, whether they are collected and used by private economic actors or by the services of the administration. It will apply to both public service and private actors. It is part of the fight against the profiling of people and the use of personal data by major players in the web (Facebook, Google, etc.).</p>
			<p>The Regulation also focuses on and strengthens important principles such as:</p>
			
<list type="dash">
<item><label>-</label>the loyalty principle (data processed in a lawful, fair and transparent manner);</item>
<item><label>-</label>the limitation of data conservation principle (data preserved during a strict time); and</item>
<item><label>-</label>the purpose limitation principle (data collected for a specific and legitimate purpose).</item>
</list>
<p>Based on these principles, the following rights arise for any person affected by data collection:</p>
			
<list type="dash">
<item><label>-</label>the right of access;</item>
<item><label>-</label>the right of modification; and</item>
<item><label>-</label>the right of cancellation, etc.</item>
</list>
<p>However, a number of exceptions are provided to reconcile the right to the protection of personal data with other rights (right of access to official documents, freedom of expression, etc.).</p>
			<p>Finally, the Regulation provides for:</p>
			
<list type="dash">
<item><label>-</label>more serious penalties; the authorities can impose financial penalties up to 4% of a company's annual global turnover or EUR 20 million (whichever is higher) in the case of non-compliance with the Regulation (article 83 (6) of the Regulation); and</item>
<item><label>-</label>the creation of the European Data Protection Board which will be an authority in all matters regarding the interpretation of the Regulation (articles 68 and following of the Regulation).</item>
</list>
<p/>
			<p/>
			</tnsarticletext>
			</tnsarticle>
