<?xml version="1.0" encoding="utf-8"?>
<!-- Created 2018-02-12T12:46:52.476+01:00-->
<!DOCTYPE tnsarticle PUBLIC "-//IBFD//ELEMENTS TNS//EN" "http://dtd.ibfd.org/dtd/tns/tnsarticle.dtd">
<tnsarticle guid="tns_2018-02-12_bs_1" suppress-in-treaty-news="n" reporttype="tiea_rat" tns-report-hilites="no" tns-mli-hilites="no">
			<tnsarticleinfo>
			<countrylist main="bs">
				<country cc="bs"><countryname>Bahamas</countryname></country>
				<country cc="g1"><countryname>Guernsey</countryname></country>
			</countrylist>
			<topics>
			<topic tc="2_11_16" score="1">Mutual Agreement Procedure [MAP]</topic><topic tc="2_17_11" score="1">Powers of Investigation</topic><topic tc="2_17_12" score="3">Exchange of Information</topic></topics>
			<onlinetitle>Protocol to exchange of information agreement between Bahamas and Guernsey ratified by Guernsey</onlinetitle>
			<articledate isodate="20180212">12 February 2018</articledate>
			<author initials="BN"/>
			<correspondent>Report from Giulia Gallo, Senior Associate, IBFD</correspondent>
			<reference><extxref target="tns_2017-06-09_bs_1" alttext="Bahamas; Guernsey - Protocol to exchange of information agreement between Bahamas and Guernsey signed (09 June 2017), News IBFD.">Bahamas-1, News 9 June 2017</extxref></reference>
			<reference><extxref target="tt_bs-g1_40_eng_2011_tt__td1">Bahamas - Guernsey Exchange of Information Agreement (2011)</extxref></reference>
			<reference><extxref target="tt_bs-g1_40_eng_2011_tt__ad1">Protocol to the 2011 Agreement (2017)</extxref></reference>
			<source>see admin sheet</source>
			</tnsarticleinfo>
			<tnsarticletext>
			<p>On 7 February 2018, Guernsey ratified the <extxref target="tt_bs-g1_40_eng_2011_tt__ad1" alttext="amending protocol">amending protocol</extxref>, signed on 12 April 2017 by the Bahamas and on 16 May 2017 by Guernsey, to the <extxref target="tt_bs-g1_40_eng_2011_tt__td1">Bahamas - Guernsey Exchange of Information Agreement (2011)</extxref>, by way of the Income Tax (Guernsey) (Approval of Agreement with the Bahamas) Ordinance, 2018. Further developments will be reported as they occur.</p>
			
			</tnsarticletext>
			</tnsarticle>
