<?xml version="1.0" encoding="utf-8"?>
<!-- Created 2018-02-12T11:26:58.042+01:00-->
<!DOCTYPE tnsarticle PUBLIC "-//IBFD//ELEMENTS TNS//EN" "http://dtd.ibfd.org/dtd/tns/tnsarticle.dtd">
<tnsarticle guid="tns_2018-02-12_au_3" suppress-in-treaty-news="n" reporttype="standard" tns-report-hilites="no" tns-mli-hilites="no">
			<tnsarticleinfo>
			<countrylist main="au">
				<country cc="au"><countryname>Australia</countryname></country>
			</countrylist>
			<topics>
			<topic tc="1_2_31" score="3">Anti-Avoidance / Anti-Evasion</topic><topic tc="1_1_31" score="3">Anti-Avoidance / Anti-Evasion</topic></topics>
			<onlinetitle>ATO consults on administration of diverted profits tax</onlinetitle>
			<articledate isodate="20180212">12 February 2018</articledate>
			<author initials="TT"/>
			<correspondent>Report from Tom Toryanik, Singapore</correspondent>
			<reference><extxref target="gtha_au_s_7.">Australia - Corporate Taxation - Country Surveys section 7.</extxref></reference>
			<reference><extxref target="cta_au_s_10.">Australia - Corporate Taxation - Country Analyses section 10.</extxref></reference>
			<source>https://www.ato.gov.au/law/view/view.htm?docid=%22cog%2Fpcg20182%2Fnat%2Fato%2F00001%22</source>
			</tnsarticleinfo>
			<tnsarticletext>
			<p>On 7 February 2018, the Australian Taxation Office (ATO) released for comment Draft Practical Compliance Guideline PCG 2018/D2 (the PCG) on the administration of diverted profits tax (DPT). DPT is a new tax that, from 1 July 2017, applies to significant global entities that divert profits from Australia through arrangements made with related parties. If a taxpayer is assessed, the tax rate is 40% on the diverted profit. The PCG outlines the ATO's approach to risk assessment and compliance activity if the DPT is identified as an area of concern.</p>
			<p>The PCG details the ATO's compliance approach to identification of DPT risks and, if a risk is identified, to its management and resolution, which may involve commencing an audit, a recommendation to seek an advance pricing arrangement (APA), or in some cases a decision not to allocate compliance resources to the risk. Similarly, if a DPT risk is identified by a taxpayer, the taxpayer is expected to contact the ATO to seek entry into the APA program, apply for a private ruling, or contact the DPT specialist team with specific inquiries. The PCG also discusses matters related to settlements and taxpayer protection against future DPT assessments for matters covered by a settlement, including a MAAL settlement.</p>
			<p>The PCG includes a list of framing questions designed to assist taxpayers to self-assess DPT risks, as well as documentation that the ATO considers to be relevant to assessing risk and DPT compliance activity. The PCG also includes a number of scenarios that highlight the ATO approach to risk assessment in relation to the sufficient economic test.</p>
			<p/>
			<p/>
			</tnsarticletext>
			</tnsarticle>
