<?xml version="1.0" encoding="utf-8"?>
<!-- Created 2018-02-12T08:49:12.781+01:00-->
<!DOCTYPE tnsarticle PUBLIC "-//IBFD//ELEMENTS TNS//EN" "http://dtd.ibfd.org/dtd/tns/tnsarticle.dtd">
<tnsarticle guid="tns_2018-02-12_bh_1" suppress-in-treaty-news="n" reporttype="standard" tns-report-hilites="no" tns-mli-hilites="no">
			<tnsarticleinfo>
			<countrylist main="bh">
				<country cc="bh"><countryname>Bahrain</countryname></country>
				<country cc="th"><countryname>Thailand</countryname></country>
			</countrylist>
			<topics>
			<topic tc="2_11_13" score="3">Bilateral Double Tax Relief [DTR]</topic><topic tc="2_11_41" score="3">Withholding Taxes</topic></topics>
			<onlinetitle>Protocol to treaty between Bahrain and Thailand approved by Bahraini lower house</onlinetitle>
			<articledate isodate="20180212">12 February 2018</articledate>
			<author initials="NB"/>
			<correspondent>Report from IBFD Tax Treaties Unit</correspondent>
			<reference><extxref target="tns_2017-07-05_bh_1" alttext="Bahrain; Thailand - Protocol to treaty between Bahrain and Thailand approved by Bahrain (05 July 2017), News IBFD.">Bahrain-1, News 5 July 2017</extxref></reference>
			<reference><extxref target="tt_bh-th_01_eng_2001_tt__td1">Bahrain - Thailand Income Tax Treaty (2001)</extxref></reference>
			<reference><extxref target="tt_bh-th_01_eng_2001_tt__ad1">Protocol to the 2001 Treaty (2017)</extxref></reference>
			<source>See admin sheet</source>
			</tnsarticleinfo>
			<tnsarticletext>
			<p>On 26 December 2017, the Council of Representatives of Bahrain (lower house of the Bahraini National Assembly) approved the <extxref target="tt_bh-th_01_eng_2001_tt__ad1">amending protocol</extxref>, signed on 25 April 2017, to the <extxref target="tt_bh-th_01_eng_2001_tt__td1">Bahrain - Thailand Income Tax Treaty (2001)</extxref>. Further developments will be reported as they occur.</p>
			
			</tnsarticletext>
			</tnsarticle>
