<?xml version="1.0" encoding="utf-8"?>
<!-- Created 2018-02-12T14:42:25.02+01:00-->
<!DOCTYPE tnsarticle PUBLIC "-//IBFD//ELEMENTS TNS//EN" "http://dtd.ibfd.org/dtd/tns/tnsarticle.dtd">
<tnsarticle guid="tns_2018-02-12_tr_1" suppress-in-treaty-news="n" reporttype="standard" tns-report-hilites="no" tns-mli-hilites="no">
			<tnsarticleinfo>
			<countrylist main="tr">
				<country cc="tr"><countryname>Turkey</countryname></country>
			</countrylist>
			<topics>
			<topic tc="1_1_1_1_1" score="3">Resident</topic><topic tc="1_2_21_15" score="3">Exemptions</topic><topic tc="1_2_22_1" score="3">National / Federal</topic><topic tc="2_17_21" score="3">Assessments</topic><topic tc="2_17_33" score="3">Interest &amp; Penalties</topic><topic tc="2_17_34" score="3">Offences &amp; Punishment</topic></topics>
			<onlinetitle>Omnibus Bill submitted to parliament – direct tax measures</onlinetitle>
			<articledate isodate="20180212">12 February 2018</articledate>
			<author initials="SO"/>
			<correspondent>Report from our correspondent Dr Selçuk Özgenç, Faculty of Law, Sakarya University</correspondent>
			<reference><extxref target="gtha_tr_s_1.8.2.">Turkey - Corporate Taxation - Country Surveys section 1.8.2.</extxref></reference>
			<reference><extxref target="gthb_tr_s_1.2.">Turkey - Individual Taxation - Country Surveys sections 1.2.</extxref>, <extxref target="gthb_tr_s_1.2.2.">1.2.2.</extxref>, <extxref target="gthb_tr_s_1.9.">1.9.</extxref></reference>
			<reference><extxref target="cta_tr_s_1.11.2.">Turkey - Corporate Taxation - Country Analyses sections 1.11.2.</extxref>, <extxref target="cta_tr_s_1.11.5.">1.11.5.</extxref></reference>
			<reference><extxref target="ita_tr_s_1.2.1.">Turkey - Individual Taxation - Country Analyses sections 1.2.1.</extxref>, <extxref target="ita_tr_s_1.2.3.">1.2.3.</extxref>, <extxref target="ita_tr_s_1.10.1.">1.10.1.</extxref></reference>
			<source>Omnibus law sent to parliament on 2 February 2018</source>
			</tnsarticleinfo>
			<tnsarticletext>
			<p>On 2 February 2018, the Omnibus Bill (the Bill) was submitted to the parliament. The most important direct tax measures are summarized below.</p>
			<heading1>Income Tax Law amendments</heading1>
			<p>To prevent a decrease in the minimum wage during the year through amendments to the income tax table, a permanent rule to fix the tax burden is proposed.</p>
			<p>For that purpose, an amendment to article 32 of the ITL is proposed. As a result, a decrease in the minimum wage will be prevented by fixing the tax burden on that minimum wage under the first bracket of the income tax table. (Article 6 the Omnibus Bill.)</p>
			<p>The Bill also amends article 9 of Income Tax Law (ITL). Pursuant to the energy market regulations, an exemption from income tax is provided to persons with a minimum installed capacity of 10 kW who sell electricity from the premises they own or lease to their supply companies. This electicity is produced from renewable energy production facilities. (Article 3 of the Omnibus Bill.)</p>
			<p>The Bill amends article 23 of the ITL. In order to encourage the participation of women in business life, an income tax exemption will be granted for benefits provided by the employer to female employees in the form of directly provided nursery and day care services, or compensation of less than 15% of the gross monthly amount of the minimum wage. (Article 4 of the Omnibus Bill.)</p>
			<heading1>Corporate Income Tax Law amendments</heading1>
			<p>The current Corporate Income Tax Law rule for legal entities or companies whose registration in the trade register expires, contains a regulation regarding the addressee of any assessment to be imposed and the fines related to the periods prior to the expiry date.</p>
			<p>This provision will be abolished and replaced by a similar provision in the Tax Procedural Law. The new provision applies to legal entities or organizations without legal personality, such as ordinary partnerships, foundations, associations and universities (Article 9 of the Omnibus Bill.)</p>
			<p/>
			<p/>
			</tnsarticletext>
			</tnsarticle>
