<?xml version="1.0" encoding="utf-8"?>
<!-- Created 2018-02-12T10:38:10.584+01:00-->
<!DOCTYPE tnsarticle PUBLIC "-//IBFD//ELEMENTS TNS//EN" "http://dtd.ibfd.org/dtd/tns/tnsarticle.dtd">
<tnsarticle guid="tns_2018-02-12_py_2" suppress-in-treaty-news="n" reporttype="agree_inv_prot_sig" tns-report-hilites="no" tns-mli-hilites="no">
			<tnsarticleinfo>
			<countrylist main="py">
				<country cc="py"><countryname>Paraguay</countryname></country>
				<country cc="qa"><countryname>Qatar</countryname></country>
			</countrylist>
			<topics>
			<topic tc="2_18_2_31_2" score="3">Investment Protection Agreements [IPAs]</topic></topics>
			<onlinetitle>IPA between Paraguay and Qatar signed</onlinetitle>
			<articledate isodate="20180212">12 February 2018</articledate>
			<author initials="BN"/>
			<correspondent>Report from IBFD Tax Treaties Unit</correspondent>
			<reference><extxref target="gthc_py_s_8.2.">Paraguay - Business and Investment - Country Surveys section 8.2.</extxref></reference>
			<reference><extxref target="gthc_qa_s_8.2.">Qatar - Business and Investment - Country Surveys section 8.2.</extxref></reference>
			<source>see admin sheet</source>
			</tnsarticleinfo>
			<tnsarticletext>
			<p>On 11 February 2018, Paraguay and Qatar signed an investment protection agreement (IPA) in Doha. Further developments will be reported as they occur.</p>
			
			</tnsarticletext>
			</tnsarticle>
