<?xml version="1.0" encoding="utf-8"?>
<!-- Created 2018-02-12T17:04:29.256+01:00-->
<!DOCTYPE tnsarticle PUBLIC "-//IBFD//ELEMENTS TNS//EN" "http://dtd.ibfd.org/dtd/tns/tnsarticle.dtd">
<tnsarticle guid="tns_2018-02-12_tr_2" suppress-in-treaty-news="n" reporttype="standard" tns-report-hilites="no" tns-mli-hilites="no">
			<tnsarticleinfo>
			<countrylist main="tr">
				<country cc="tr"><countryname>Turkey</countryname></country>
			</countrylist>
			<topics>
			<topic tc="1_4_8" score="3">Exemptions</topic><topic tc="1_5_22" score="3">Excise Duties</topic><topic tc="1_5_24" score="3">Motor Vehicle Taxes</topic></topics>
			<onlinetitle>Omnibus Bill submitted to parliament – indirect tax measures</onlinetitle>
			<articledate isodate="20180212">12 February 2018</articledate>
			<author initials="SO"/>
			<correspondent>Report from our correspondent Dr Selçuk Özgenç, Faculty of Law, Sakarya University</correspondent>
			<reference><extxref target="gtha_tr_s_8.6.">Turkey - Corporate Taxation - Country Surveys sections 8.6.</extxref>, <extxref target="gtha_tr_s_9.5.">9.5.</extxref></reference>
			<reference><extxref target="cta_tr_s_13.8.">Turkey - Corporate Taxation - Country Analyses sections 13.8.</extxref>, <extxref target="cta_tr_s_14.5.">14.5.</extxref>, <extxref target="cta_tr_s_14.6.2.">14.6.2.</extxref></reference>
			<reference><extxref target="evat_tr_s_8.">Turkey - VAT &amp; Sales Tax section 8.</extxref></reference>
			<source>Omnibus law send to parliament on 2 February 2018</source>
			</tnsarticleinfo>
			<tnsarticletext>
			<p>On 2 February 2018, an Omnibus Bill was submitted to the parliament. The most important indirect tax measures are summarized below.</p>
			<heading1>VAT amendments</heading1>
			<p>Investment, production, export, R&amp;D innovation and design activities are encouraged. Therefore, the Bill amends Article 39 of the VAT Law.</p>
			<p>As a result, new machinery and equipment purchased by enterprises with an industrial registry certificate will be exempt from VAT until 31 December 2019 if used in the manufacturing industry (Article 31 of the Omnibus Bill). The exemption may also apply to companies without an investment incentive certificate.</p>
			<p>The exemption of Article 39 of the VAT Code until 31 December 2019 also applies to new machinery and equipment purchases of those involved in R&amp;D, innovation and design activities which are used in techno-parks, R&amp;D and design centres and research laboratories of universities (Article 31 of the Omnibus Bill).</p>
			<p>The Bill also amends Article 13 of the VAT Law. According to the draft law, infrastructure investments (e.g. sewage, water, treatment, natural gas, electricity, communication, road investments) made by organized industrial zones and small industrial areas and a delivery of goods and services in these small industrial areas for building workplaces are exempt from VAT (Article 29 of the Omnibus Bill).</p>
			<p>Canteen leasing will also become exempt from VAT to eliminate VAT disputes for canteen leasing made by parent teacher associations in schools affiliated to the Ministry of National Education (Article 30 of the Omnibus Bill).</p>
			<heading1>Special consumption tax (SCT)</heading1>
			<p>For the purpose of encouraging the removal of second hand vehicles from the roads and the purchase of new vehicles, until 31 December 2019, an SCT reduction will be granted up to a maximum of TRL 10,000 when purchasing a new vehicle within the country.</p>
			<p>This reduction is granted in exchange for the exportation or relinguishing of automobiles, panel vans, minibuses, buses, pickup trucks and trucks aged 16 years or older by cancelling their registration and delivering them to auto wrecking yards (Article 1 and Article 76 of the Omnibus Bill).</p>
			<p>SCT paid for goods used in the domestic manufacturing process of vehicles and constituting a burden for manufacturers such as loudspeakers, radios, navigation devices and monitors will be returned to the manufacturers (Article 55 of the Omnibus Bill).</p>
			<p>If goods subjected to SCT delivered to exporters for export are not exported within 3 months due to force majeure or unforeseen circumstances, an additional period of up to 3 months is granted. This is the same as for value added tax practices (Article 54 of the Omnibus Bill).</p>
			<p>Other goods of a biodiesel nature and all of their mixtures, which are not covered by the current Special Consumption Tax Law will become subject to SCT (Article 51 of the Omnibus Bill).</p>
			<p>To combat fuel smuggling, greasing preparations that can be used instead of fuel are covered under the SCT (Article 51 of the Omnibus Bill).</p>
			<p>Lists attached to the SCT Law are harmonized in line with the amendments to the Turkish Customs Tariff Schedule. The limited authority granted to the Council of Ministers with respect to increases of rates and imcreases or revaluations of amounts is updated (Article 51 of the Omnibus Bill).</p>
			<p>No changes with respect to the rates and goods covered by the STC are proposed and the Council of Ministers will issue a confirmation of the decision regarding this when the draft law becomes effective.</p>
			<heading1>Motor vehicle tax</heading1>
			<p>Electric driven vehicles such as automobiles, minibuses, panel vans and motorcycles are taxed at a lower rate of 25% of the rate of the motor vehicles tax applied for other vehicles (Articles 17-21 of the Omnibus Bill).</p>
			<p>The vehicle definitions in the Motor Vehicles Tax Law are harmonized with the definitions of the Highway Traffic Law. Accordingly, whereas minibuses are curently defined as vehicles with a maximum of 15 seats including the driver, they will be redefined as vehicles with a maximum of seven seats, including the driver (Article 17 of the Omnibus Bill).</p>
			<p/>
			<p/>
			</tnsarticletext>
			</tnsarticle>
