<?xml version="1.0" encoding="utf-8"?>
<!-- Created 2018-02-12T09:28:34.107+01:00-->
<!DOCTYPE tnsarticle PUBLIC "-//IBFD//ELEMENTS TNS//EN" "http://dtd.ibfd.org/dtd/tns/tnsarticle.dtd">
<tnsarticle guid="tns_2018-02-12_bq_1" suppress-in-treaty-news="n" reporttype="standard" tns-report-hilites="no" tns-mli-hilites="no">
			<tnsarticleinfo>
			<countrylist main="bq">
				<country cc="bq"><countryname>BES Islands</countryname></country>
			</countrylist>
			<topics>
			<topic tc="1_1" score="3">Corporate Taxation</topic><topic tc="1_2" score="3">Individual Taxation</topic><topic tc="2_18_2" score="3">Investment</topic></topics>
			<onlinetitle>Report on financial status of St. Eustatius</onlinetitle>
			<articledate isodate="20180212">12 February 2018</articledate>
			<author initials="SvT"/>
			<correspondent>Report from Sandy van Thol, Regional Caribbean Editor, Sotto Voce Business &amp; Tax Solutions VBA, Aruba</correspondent>
			<source>https://www.rijksdienstcn.com/actueel/nieuws/2018/februari/5/regering-grijpt-in-op-sint-eustatius</source>
			</tnsarticleinfo>
			<tnsarticletext>
			<p>On 19 January 2018, the third implementation report of the Financial Supervision Board of Bonaire, St. Eustatius and Saba (the "Cft") was published.</p>
			<p>The report states that the statement of income and expenses for a period up to and including the third quarter shows USD 11.4 million in income and USD 10.4 million in expenses, resulting in a positive balance of USD 1 million. The charges include USD 0.42 million to compensate for the 2015 deficit, or three quarters of the USD 0.56 million deficit as shown in the 2015 financial statements. In the fourth quarter, the remaining USD 0.14 million has been budgeted to compensate. In this way, St. Eustatius complies with article 31, paragraph 3 of the FinBES Act, which provides that a deficit in any year must be compensated within the next 2 years.</p>
			<p>Considering the current prognosis, liquidity position, financial management and ongoing issues regarding expenditure, the Cft recommends that the State Secretary of the Interior and Kingdom Relations adopt a  new plan to improve financial management, to which the State Secretary has agreed.</p>
			<p/>
			<p/>
			</tnsarticletext>
			</tnsarticle>
