<?xml version="1.0" encoding="utf-8"?>
<!-- Created 2018-02-12T11:50:50.453+01:00-->
<!DOCTYPE tnsarticle PUBLIC "-//IBFD//ELEMENTS TNS//EN" "http://dtd.ibfd.org/dtd/tns/tnsarticle.dtd">
<tnsarticle guid="tns_2018-02-12_pt_1" suppress-in-treaty-news="n" reporttype="eu_prel_rul_req" tns-report-hilites="no" tns-mli-hilites="no">
			<tnsarticleinfo>
			<countrylist main="pt">
				<country cc="pt"><countryname>Portugal</countryname></country>
				<country cc="e2"><countryname>European Union</countryname></country>
			</countrylist>
			<topics>
			<topic tc="1_4_13" score="3">Administrative Obligations</topic><topic tc="1_4_6_22" score="3">Bad Debts</topic><topic tc="2_12_2_1" score="3">Systems of Taxation</topic></topics>
			<onlinetitle>ECJ preliminary ruling (VAT): <emph type="i">Tratave — Tratamento de Águas Residuais do Ave SA v. Autoridade Tributária e Aduaneira</emph> (Case C-672/17) – Bad debt relief; application dependent on notification to recipient</onlinetitle>
			<articledate isodate="20180212">12 February 2018</articledate>
			<author initials="LB"/>
			<correspondent>Report from Leoni de Boer, VAT Specialist, IBFD</correspondent>
			<reference><extxref target="gtha_pt_s_8.4.">Portugal - Corporate Taxation - Country Surveys section 8.4.</extxref></reference>
			<reference><extxref target="cta_pt_s_13.6.">Portugal - Corporate Taxation - Country Analyses section 13.6.</extxref></reference>
			<reference><extxref target="evat_pt_s_6.1.5.">Portugal - VAT &amp; Sales Tax section 6.1.5.</extxref></reference>
			<source>http://eur-lex.europa.eu/legal-content/EN/TXT/PDF/?uri=OJ:C:2018:052:FULL&amp;from=EN</source>
			</tnsarticleinfo>
			<tnsarticletext>
			<p>On 28 November 2017, reference was made to the Court of Justice of the European Union (ECJ) by the <emph type="i">Tribunal Arbitral Tributário (Centro de Arbitragem Administrativa — CAAD)</emph> for a preliminary ruling in the case <emph type="i">Tratave</emph> (C-672/17).</p>
			<p>The <emph type="i">Tribunal Arbitral Tributário (Centro de Arbitragem Administrativa — CAAD)</emph> requested the ECJ to answer the following questions:</p>
			<p>1. Do the principle of neutrality and article 90 of <extxref target="vatdir_2006_112_eng">EU VAT Directive (2006/112)</extxref> preclude national legislation such as article 78(11) of the <emph type="i">Código do Imposto sobre o Valor Acrescentado</emph> (Value Added Tax Code), which is interpreted to the effect that the tax may not be adjusted, in the event of non-payment, before the purchaser of the goods or service, being a taxable person, has been notified of the cancellation of the tax for the purposes of rectifying the deduction initially made?</p>
			<p>2. If so, do the principle of neutrality and article 90 of <extxref target="vatdir_2006_112_eng">EU VAT Directive (2006/112)</extxref> preclude national legislation such as article 78(11) of the Código do Imposto sobre o Valor Acrescentado, which is interpreted to the effect that the tax may not be adjusted, in the event of non-payment, where the purchaser of the goods or service, being a taxable person, was not notified of the cancellation of the tax within the time-limit for deducting the tax laid down in article 98(2) of the Value Added Tax Code?</p>
			<p/>
			</tnsarticletext>
			</tnsarticle>
