<?xml version="1.0" encoding="utf-8"?>
<!-- Created 2018-02-12T16:06:49.849+01:00-->
<!DOCTYPE tnsarticle PUBLIC "-//IBFD//ELEMENTS TNS//EN" "http://dtd.ibfd.org/dtd/tns/tnsarticle.dtd">
<tnsarticle guid="tns_2018-02-12_dk_1" suppress-in-treaty-news="n" reporttype="standard" tns-report-hilites="no"><tnsarticleinfo>
			<countrylist main="dk">
				<country cc="dk"><countryname>Denmark</countryname></country>
			</countrylist>
			<topics>
			<topic tc="1_1_2" score="3">Incentives</topic><topic tc="1_1_21_11_1" score="3">Deductible</topic><topic tc="1_5_22" score="3">Excise Duties</topic><topic tc="1_5_51" score="1">Environmental / Green Taxes</topic></topics>
			<onlinetitle>R&amp;D deduction increase and lower electricity heating tax – announced</onlinetitle>
			<articledate isodate="20180212">12 February 2018</articledate>
			<author initials="AG"/>
			<correspondent>Report from Adrian Grant, Associate, IBFD</correspondent>
			<reference><extxref target="tns_2017-11-20_dk_4" alttext="Denmark - Various VAT, excise duty and electricity tax amendments announced (20 Nov. 2017), News IBFD.">Denmark-4, News 20 November 2017</extxref></reference>
			<reference><extxref target="gtha_dk_s_1.3.3.">Denmark - Corporate Taxation - Country Surveys sections 1.3.3.</extxref>, <extxref target="gtha_dk_s_9.">9.</extxref></reference>
			<reference><extxref target="cta_dk_s_1.4.8.">Denmark - Corporate Taxation - Country Analyses sections 1.4.8.</extxref>, <extxref target="cta_dk_s_14.6.">14.6.</extxref></reference>
			<source>http://www.skm.dk/aktuelt/presse/pressemeddelelser/2018/februar/ny-aftale-sikrer-skatte-og-afgiftslempelser-for-220-mio-kr-ekstra-i-aar</source>
			</tnsarticleinfo>
			<tnsarticletext>
			<p>On 2 February 2018, the Ministry of Taxation announced that corporate income tax deductions for research and development (R&amp;D) costs will increase from 100% to 101.5% in 2019. It is expected that the R&amp;D costs deduction will gradually increase to 110% in 2026.</p>
			<p>In addition, the electricity heating tax will be reduced from 1 May 2018 as per the agreement reached in November 2017 to reduce it by DKK 15 per kWh in 2019 (<emph type="i">see</emph> <extxref target="tns_2017-11-20_dk_4" alttext="Denmark - Various VAT, excise duty and electricity tax amendments announced (20 Nov. 2017), News IBFD.">Denmark-4, News 20 November 2017</extxref>).</p>
			<p>The full press release is available <url target="http://www.skm.dk/aktuelt/presse/pressemeddelelser/2018/februar/ny-aftale-sikrer-skatte-og-afgiftslempelser-for-220-mio-kr-ekstra-i-aar">here</url> (in Danish).</p>
			<p/>
			<p/>
			</tnsarticletext>
			</tnsarticle>
