<?xml version="1.0" encoding="utf-8"?>
<!-- Created 2018-02-12T10:02:05.982+01:00-->
<!DOCTYPE tnsarticle PUBLIC "-//IBFD//ELEMENTS TNS//EN" "http://dtd.ibfd.org/dtd/tns/tnsarticle.dtd">
<tnsarticle guid="tns_2018-02-12_ao_1" suppress-in-treaty-news="n" reporttype="inc_tax_tt_sig" tns-report-hilites="no" tns-mli-hilites="no">
			<tnsarticleinfo>
			<countrylist main="ao">
				<country cc="ao"><countryname>Angola</countryname></country>
				<country cc="ae"><countryname>United Arab Emirates</countryname></country>
			</countrylist>
			<topics>
			<topic tc="2_11_13" score="3">Bilateral Double Tax Relief [DTR]</topic><topic tc="2_11_41" score="3">Withholding Taxes</topic></topics>
			<onlinetitle>Treaty between Angola and United Arab Emirates signed</onlinetitle>
			<articledate isodate="20180212">12 February 2018</articledate>
			<author initials="NB"/>
			<correspondent>Report from IBFD Tax Treaties Unit</correspondent>
			<reference><extxref target="tns_2017-12-07_ao_1" alttext="Angola; United Arab Emirates - Treaty between Angola and United Arab Emirates – negotiations ongoing (07 Dec. 2017), News IBFD.">Angola-1, News 7 December 2017</extxref></reference>
			<reference><extxref target="tt_ao-ae_01_eng_2017_tt__td1">Angola - United Arab Emirates Income Tax Treaty (2018)</extxref></reference>
			<source>See admin sheet</source>
			</tnsarticleinfo>
			<tnsarticletext>
			<p>On 8 February 2018, Angola and the United Arab Emirates signed a tax treaty in Luanda. Further developments will be reported as they occur.</p>
			<p>Treaty texts are published in the Treaties collection on <emph type="i">IBFD's Tax Research Platform</emph>, as available.</p>
			
			</tnsarticletext>
			</tnsarticle>
