<?xml version="1.0" encoding="utf-8"?>
<!-- Created 2018-02-12T13:53:51.824+01:00-->
<!DOCTYPE tnsarticle PUBLIC "-//IBFD//ELEMENTS TNS//EN" "http://dtd.ibfd.org/dtd/tns/tnsarticle.dtd">
<tnsarticle guid="tns_2018-02-12_se_2" suppress-in-treaty-news="n" reporttype="standard" tns-report-hilites="no" tns-mli-hilites="no">
			<tnsarticleinfo>
			<countrylist main="se">
				<country cc="se"><countryname>Sweden</countryname></country>
			</countrylist>
			<topics>
			<topic tc="2_17_31_2" score="3">Advance</topic><topic tc="2_17_33" score="3">Interest &amp; Penalties</topic></topics>
			<onlinetitle>Advance tax payment allowed</onlinetitle>
			<articledate isodate="20180212">12 February 2018</articledate>
			<author initials="RO"/>
			<correspondent>Report from our correspondent Anette Karlqvist</correspondent>
			<reference><extxref target="gthb_se_s_1.10.3.">Sweden - Individual Taxation - Country Surveys section 1.10.3.</extxref></reference>
			<reference><extxref target="ita_se_s_1.11.4.">Sweden - Individual Taxation - Country Analyses section 1.11.4.</extxref></reference>
			<source>Press release from the Tax Agency</source>
			</tnsarticleinfo>
			<tnsarticletext>
			<p>Recently, the Tax Agency announced that individuals who anticipate that they will have to pay a large amount of tax can make an advance payment by 12 February 2018 without paying interest. As from 13 February 2018, interest, at 1.25%, will be levied on any leftover tax of more than SEK 30,000.</p>
			<p>Furthermore, the Tax Agency announced that taxpayers can request assistance in calculating the tax due on house sales and stock deals and also when applying for a deferral of the tax due thereon.</p>
			<p/>
			<p/>
			</tnsarticletext>
			</tnsarticle>
