<?xml version="1.0" encoding="utf-8"?>
<!-- Created 2018-02-12T13:55:21.232+01:00-->
<!DOCTYPE tnsarticle PUBLIC "-//IBFD//ELEMENTS TNS//EN" "http://dtd.ibfd.org/dtd/tns/tnsarticle.dtd">
<tnsarticle guid="tns_2018-02-12_fr_1" suppress-in-treaty-news="n" reporttype="standard" tns-report-hilites="no" tns-mli-hilites="no">
			<tnsarticleinfo>
			<countrylist main="fr">
				<country cc="fr"><countryname>France</countryname></country>
				<country cc="us"><countryname>United States</countryname></country>
				<country cc="e2"><countryname>European Union</countryname></country>
			</countrylist>
			<topics>
			<topic tc="1_1_24_2_1_1" score="3">Participation Exemption / Affiliation Privilege</topic><topic tc="1_1_41" score="3">Group Treatment</topic><topic tc="1_3_1_1_1" score="3">Substantial</topic><topic tc="2_12_1_1_11" score="3">Freedom of Establishment</topic><topic tc="2_12_1_2_1" score="3">Parent-Subsidiary</topic><topic tc="2_13_12" score="3">Exchange of Shares</topic><topic tc="2_13_71" score="3">Group Treatment</topic><topic tc="2_14_1" score="3">Dividends / Profits Distributions</topic></topics>
			<onlinetitle>Former neutralization of 5% add-back on dividends within tax-consolidated groups – preliminary ruling on constitutionality requested</onlinetitle>
			<articledate isodate="20180212">12 February 2018</articledate>
			<author initials="PB"/>
			<correspondent>Report from our correspondent Pierre Burg</correspondent>
			<reference><extxref target="ecjd_c_386_14-summary.html&amp;q=neutralization%20neutralizations&amp;hash=ecjd_c_386_14&amp;WT.z_nav=seealso">C-386/14 Groupe Steria, 2 September 2015</extxref></reference>
			<reference><extxref target="tns_2015-12-03_fr_1.html&amp;q=neutralization%20neutralizations">France; European Union – 3 December 2015</extxref></reference>
			<reference><extxref target="cta_fr_s_6.1.3.2.">France - Corporate Taxation - Country Analyses section 6.1.3.2.</extxref></reference>
			<source>https://www.legifrance.gouv.fr/affichJuriAdmin.do?oldAction=rechJuriAdmin&amp;idTexte=CETATEXT000036539287&amp;fastReqId=1213044986&amp;fastPos=1</source>
			</tnsarticleinfo>
			<tnsarticletext>
			<p>On 24 January 2018, the Administrative Supreme Court (<emph type="i">Conseil d'Etat</emph>) requested a preliminary ruling from the Constitutional Court (<emph type="i">Conseil constitutionnel</emph>) regarding the conformity to the Constitution of the second paragraph of article 223 B of the General Tax Code (<emph type="i">Code général des impôts</emph>, CGI) as it read before 1 January 2016. This paragraph provided for a neutralization, within tax-consolidated groups, of the 5% add-back applicable to dividends received under the participation exemption. On 2 September 2015, the Court of Justice of the European Union ruled in Groupe Steria (Case C-386/14) that the fact that neutralization of the 5% add-back applies only to subsidiaries which are members of the tax-consolidated group, i.e. French subsidiaries, is incompatible with the freedom of establishment. Consequently, dividends received by a French parent company from EU subsidiaries that would meet the conditions required for belonging to a tax-consolidated group if it were French must also benefit from the neutralization of the 5% add-back and be fully exempt.</p>
			<p>French company <emph type="i">Life Sciences Holdings France</emph> has several subsidiaries in and out of France, including US company <emph type="i">Radiometer America Inc.</emph> which distributed dividends in 2012 and 2013. In so far as the US company does not belong to a French tax-consolidated group, the dividends received by the French parent company were taxed on 5% of their amount, which would not have been the case for French-source dividends (pursuant to article 223 B of the General Tax Code) or for EU-source dividends (pursuant to Case Groupe Steria of 2 September 2015). The company argues that such a difference of treatment is contrary to the constitutional principle of equality, as its US subsidiary would have met all the conditions required for belonging to the French tax-consolidated group had it been French-resident. The Constitutional Court will give a decision within 3 months.</p>
			<p><emph type="i">Note</emph>: from 1 January 2016, dividends received within a tax-consolidated group may no longer benefit from a neutralization of the 5% add-back, but they are subject to a reduced 1% add-back rate (<emph type="i">see</emph> <extxref target="tns_2015-12-03_fr_1.html&amp;q=neutralization%20neutralizations">France; European Union – 3 December 2015</extxref><extxref target="tns_2015-12-03_fr_1.html&amp;q=neutralization%20neutralizations">https://online.ibfd.org/kbase/ - topic=doc&amp;url=/data/tns/docs/html/tns_2015-12-03_fr_1.html&amp;q=neutralization%20neutralizations</extxref>).</p>
			<p/>
			<p/>
			</tnsarticletext>
			</tnsarticle>
