<?xml version="1.0" encoding="utf-8"?>
<!-- Created 2018-02-12T11:20:46.113+01:00-->
<!DOCTYPE tnsarticle PUBLIC "-//IBFD//ELEMENTS TNS//EN" "http://dtd.ibfd.org/dtd/tns/tnsarticle.dtd">
<tnsarticle guid="tns_2018-02-12_au_2" suppress-in-treaty-news="n" reporttype="agree_free_trade_sig" tns-report-hilites="no" tns-mli-hilites="no">
			<tnsarticleinfo>
			<countrylist main="au">
				<country cc="au"><countryname>Australia</countryname></country>
				<country cc="pe"><countryname>Peru</countryname></country>
			</countrylist>
			<topics>
			<topic tc="2_18" score="3">Non-tax</topic></topics>
			<onlinetitle>FTA between Australia and Peru signed</onlinetitle>
			<articledate isodate="20180212">12 February 2018</articledate>
			<author initials="NB"/>
			<correspondent>Report from IBFD Tax Treaties Unit</correspondent>
			<reference><extxref target="tns_2017-11-10_au_1" alttext="Australia; Peru - FTA between Australia and Peru initialled (10 Nov. 2017), News IBFD.">Australia-1, News 10 November 2017</extxref></reference>
			<reference><extxref target="gthc_au_s_9.">Australia - Business and Investment - Country Surveys section 9.</extxref></reference>
			<reference><extxref target="gthc_pe_s_9.">Peru - Business and Investment - Country Surveys section 9.</extxref></reference>
			<source>See admin sheet</source>
			</tnsarticleinfo>
			<tnsarticletext>
			<p>On 12 February 2018, Australia and Peru signed the Peru-Australian Free Trade Agreement (PAFTA) in Canberra. Further developments will be reported as they occur.</p>
			
			</tnsarticletext>
			</tnsarticle>
