<?xml version="1.0" encoding="utf-8"?>
<!-- Created 2018-02-12T11:38:30.095+01:00-->
<!DOCTYPE tnsarticle PUBLIC "-//IBFD//ELEMENTS TNS//EN" "http://dtd.ibfd.org/dtd/tns/tnsarticle.dtd">
<tnsarticle guid="tns_2018-02-12_se_1" suppress-in-treaty-news="n" reporttype="eu_prel_rul_req" tns-report-hilites="no" tns-mli-hilites="no">
			<tnsarticleinfo>
			<countrylist main="se">
				<country cc="se"><countryname>Sweden</countryname></country>
				<country cc="e2"><countryname>European Union</countryname></country>
			</countrylist>
			<topics>
			<topic tc="1_4_4_2" score="3">Services</topic><topic tc="2_12_2_1" score="3">Systems of Taxation</topic></topics>
			<onlinetitle>ECJ preliminary ruling (VAT): <emph type="i">Skatteverket v. Srf konsulterna AB</emph> (Case C-647/17) – Place of supply accountancy course; advance payment and registration</onlinetitle>
			<articledate isodate="20180212">12 February 2018</articledate>
			<author initials="LB"/>
			<correspondent>Report from Leoni de Boer, VAT Specialist, IBFD</correspondent>
			<reference><extxref target="gtha_se_s_8.">Sweden - Corporate Taxation - Country Surveys section 8.</extxref></reference>
			<reference><extxref target="cta_se_s_13.4.1.2.">Sweden - Corporate Taxation - Country Analyses section 13.4.1.2.</extxref></reference>
			<reference><extxref target="evat_se_s_4.3.3.7.">Sweden - VAT &amp; Sales Tax section 4.3.3.7.</extxref></reference>
			<source>http://eur-lex.europa.eu/legal-content/EN/TXT/PDF/?uri=OJ:C:2018:052:FULL&amp;from=EN</source>
			</tnsarticleinfo>
			<tnsarticletext>
			<p>On 20 November 2017, reference was made to the Court of Justice of the European Union (ECJ) by the <emph type="i">Högsta förvaltningsdomstolen</emph> for a preliminary ruling in the case <emph type="i">Srf konsulterna</emph> (C-647/17).</p>
			<p>The <emph type="i">Högsta förvaltningsdomstolen</emph> requested the ECJ to answer the following question:</p>
			<p>Must the expression "admission to events" in article 53 of the <extxref target="vatdir_2006_112_eng">EU VAT Directive (2006/112)</extxref> be interpreted as meaning that it covers a service in the form of a 5-day course on accountancy which is supplied solely to taxable persons and requires advance registration and payment?</p>
			<p/>
			<p/>
			<p/>
			</tnsarticletext>
			</tnsarticle>
