<?xml version="1.0" encoding="utf-8"?>
<!-- Created 2018-02-12T13:24:51.303+01:00-->
<!DOCTYPE tnsarticle PUBLIC "-//IBFD//ELEMENTS TNS//EN" "http://dtd.ibfd.org/dtd/tns/tnsarticle.dtd">
<tnsarticle guid="tns_2018-02-12_lu_2" suppress-in-treaty-news="n" reporttype="standard" tns-report-hilites="no" tns-mli-hilites="no">
			<tnsarticleinfo>
			<countrylist main="lu">
				<country cc="lu"><countryname>Luxembourg</countryname></country>
				<country cc="e2"><countryname>European Union</countryname></country>
			</countrylist>
			<topics>
			<topic tc="1_4_3_2" score="3">Concept of Services</topic><topic tc="1_4_4_2_1" score="3">Place of Establishment - Service Provider</topic><topic tc="1_4_4_2_1" score="3">Place of Establishment - Service Provider</topic><topic tc="1_4_10_2" score="3">Reverse Charge Mechanism</topic></topics>
			<onlinetitle>Bill implementing amendments to EU VAT Directive regarding certain VAT obligations applicable to supply of services and distance selling of goods – adopted</onlinetitle>
			<articledate isodate="20180212">12 February 2018</articledate>
			<author initials="GLD and LC"/>
			<correspondent>Gaspar Lopes Dias and Locif Choulak, Loyens &amp; Loeff Luxembourg</correspondent>
			<reference><extxref target="gtha_lu_s_8.3.">Luxembourg - Corporate Taxation - Country Surveys section 8.3.</extxref></reference>
			<reference><extxref target="cta_lu_s_13.3.1.">Luxembourg - Corporate Taxation - Country Analyses sections 13.3.1.</extxref>, <extxref target="cta_lu_s_13.4.1.2.">13.4.1.2.</extxref></reference>
			<reference><extxref target="evat_lu_s_3.2.">Luxembourg - VAT &amp; Sales Tax sections 3.2.</extxref>, <extxref target="evat_lu_s_4.3.1.">4.3.1.</extxref>, <extxref target="evat_lu_s_4.3.2.">4.3.2.</extxref></reference>
			<source>Report Government Council of 2 February 2018</source>
			</tnsarticleinfo>
			<tnsarticletext>
			<p>On 2 February 2018, the Council of Ministers adopted a proposal to implement article 1 of <url target="http://eur-lex.europa.eu/legal-content/EN/TXT/?uri=CELEX:32017L2455">Council Directive (EU) 2017/2455</url> of 5 December 2017. Under this article, the place of supply of telecommunications services, radio and television broadcasting services and electronically supplied services provided to a non-taxable person will be the place where that person is established or usually resides.</p>
			<p>However, this rule does not apply if a supplier established in a Member State provides services to non-taxable persons established in a different Member State and if the value of these services exceeds EUR 10,000.</p>
			<p/>
			<p/>
			</tnsarticletext>
			</tnsarticle>
