<?xml version="1.0" encoding="utf-8"?>
<!-- Created 2018-02-12T13:56:15.273+01:00-->
<!DOCTYPE tnsarticle PUBLIC "-//IBFD//ELEMENTS TNS//EN" "http://dtd.ibfd.org/dtd/tns/tnsarticle.dtd">
<tnsarticle guid="tns_2018-02-12_cr_1" suppress-in-treaty-news="n" reporttype="standard" tns-report-hilites="no" tns-mli-hilites="no">
			<tnsarticleinfo>
			<countrylist main="cr">
				<country cc="cr"><countryname>Costa Rica</countryname></country>
			</countrylist>
			<topics>
			<topic tc="1_4_8_15" score="3">Imports</topic><topic tc="1_5_21_1" score="3">Import</topic><topic tc="1_5_24" score="3">Motor Vehicle Taxes</topic><topic tc="1_5_51" score="3">Environmental / Green Taxes</topic></topics>
			<onlinetitle>Tax incentives for electric vehicles – gazetted</onlinetitle>
			<articledate isodate="20180212">12 February 2018</articledate>
			<author initials="BR"/>
			<correspondent>Report from our correspondent Bernal Rodriguez, Independent Advisor, San Jose</correspondent>
			<reference><extxref target="tns_2017-12-14_cr_1" alttext="Costa Rica - Tax incentives for electric vehicles – approved by legislative assembly (14 Dec. 2017), News IBFD.">Costa Rica-1, News 14 December 2017</extxref></reference>
			<reference><extxref target="gtha_cr_s_8.6.">Costa Rica - Corporate Taxation - Country Surveys sections 8.6.</extxref>, <extxref target="gtha_cr_s_9.4.">9.4.</extxref>, <extxref target="gtha_cr_s_9.6.">9.6.</extxref></reference>
			<reference><extxref target="cta_cr_s_13.8.">Costa Rica - Corporate Taxation - Country Analyses sections 13.8.</extxref>, <extxref target="cta_cr_s_14.4.">14.4.</extxref>, <extxref target="cta_cr_s_14.6.">14.6.</extxref>, <extxref target="cta_cr_s_14.6.2.">14.6.2.</extxref>, <extxref target="cta_cr_s_14.6.4.">14.6.4.</extxref></reference>
			<source>Oficial gazette</source>
			</tnsarticleinfo>
			<tnsarticletext>
			<p>On 6 February 2018, <url target="http://www.imprentanacional.go.cr/pub/2018/02/06/ALCA26_06_02_2018.pdf" alttext="INCENTIVOS Y PROMOCIÓN PARA EL TRANSPORTE ELÉCTRICO">Law No. 9.518</url> was published in the Official Gazette. The Law promotes the use of electric transportation through the exemption of the VAT, consumption tax and customs value tax for vehicles, spare parts for motors and batteries and assembly machinery for the production of electric vehicles in different percentages and according to the CIF value of the vehicle (for details, <emph type="i">see</emph> <extxref target="tns_2017-12-14_cr_1" alttext="Costa Rica - Tax incentives for electric vehicles – approved by legislative assembly (14 Dec. 2017), News IBFD.">Costa Rica-1, News 14 December 2017</extxref>).</p>
			<p>The Law is effective from 6 February 2018.</p>
			<p/>
			</tnsarticletext>
			</tnsarticle>
