<?xml version="1.0" encoding="utf-8"?>
<!-- Created 2018-02-12T08:14:31.484+01:00-->
<!DOCTYPE tnsarticle PUBLIC "-//IBFD//ELEMENTS TNS//EN" "http://dtd.ibfd.org/dtd/tns/tnsarticle.dtd">
<tnsarticle guid="tns_2018-02-12_o2_1" suppress-in-treaty-news="n" reporttype="standard"><tnsarticleinfo>
			<countrylist main="o2">
				<country cc="o2"><countryname>OECD</countryname></country>
			</countrylist>
			<topics>
			<topic tc="2_17_41" score="3">Rulings</topic><topic tc="2_17_12" score="3">Exchange of Information</topic><topic tc="2_16_31" score="3">Documentation</topic><topic tc="1_2_31" score="3">Anti-Avoidance / Anti-Evasion</topic></topics>
			<onlinetitle>OECD releases additional guidance on BEPS implementation</onlinetitle>
			<articledate isodate="20180212">12 February 2018</articledate>
			<author initials="IK"/>
			<correspondent>Report from Ivana Kireta Associate, IBFD</correspondent>
			<reference><extxref target="tns_2013-07-19_o2_2" alttext="OECD - OECD Action Plan on Base Erosion and Profit Shifting – details (19 July 2013), News IBFD.">OECD-2, News 19 July 2013</extxref></reference>
			<reference><extxref target="tns_2015-02-06_o2_1" alttext="OECD - OECD announces presentation of latest BEPS developments (06 Feb. 2015), News IBFD.">OECD-1, News 6 February 2015</extxref></reference>
			<reference><extxref target="tns_2014-09-17_o2_1" alttext="OECD - OECD releases guidance on transfer pricing documentation and country-by-country reporting – Action 13 (17 Sep. 2014), News IBFD.">OECD-1, News 17 September 2014</extxref></reference>
			<reference><extxref target="tns_2015-06-08_o2_1" alttext="OECD - OECD releases implementation package for country-by-country reporting – Action 13 (08 June 2015), News IBFD.">OECD-1, News 8 June 2015</extxref></reference>
			<reference><extxref target="tns_2015-10-05_o2_1" alttext="OECD - OECD releases final BEPS package – summary (05 Oct. 2015), News IBFD.">OECD-1, News 5 October 2015</extxref></reference>
			<reference><extxref target="tp_intro">Transfer Pricing - Introduction</extxref></reference>
			<reference><extxref target="tns_2015-10-06_o2_4" alttext="OECD - OECD releases final report on transfer pricing documentation and country-by-country reporting – Action 13 (06 Oct. 2015), News IBFD.">OECD-4, News 6 October 2015</extxref></reference>
			<reference><extxref target="tns_2016-06-29_o2_1" alttext="OECD - OECD releases guidance on implementation of CbC reporting (29 June 2016), News IBFD.">OECD-1, News 29 June 2016</extxref></reference>
			<reference><extxref target="tns_2015-10-06_o2_4" alttext="OECD - OECD releases final report on transfer pricing documentation and country-by-country reporting – Action 13 (06 Oct. 2015), News IBFD.">OECD-4, News 6 October 2015</extxref></reference>
			<reference><extxref target="tns_2017-02-01_o2_1" alttext="&lt;!DOCTYPE html&gt;&#10;&lt;html lang=">OECD-1, News 1 February 2017</extxref></reference>
			<source>OECD</source>
			</tnsarticleinfo>
			<tnsarticletext>
			<p>On 8 February 2018, the OECD released an additional guidance on the implementation of country-by-country (CbC) reporting developed under Action 13 of the OECD/G20 <url target="http://www.keepeek.com/Digital-Asset-Management/oecd/taxation/action-plan-on-base-erosion-and-profit-shifting_9789264202719-en">Action Plan on Base Erosion and Profit Shifting</url> (<emph type="i">see</emph> <extxref target="tns_2013-07-19_o2_2" alttext="OECD - OECD Action Plan on Base Erosion and Profit Shifting – details (19 July 2013), News IBFD.">OECD-2, News 19 July 2013</extxref>, <extxref target="tns_2015-10-06_o2_4" alttext="OECD - OECD releases final report on transfer pricing documentation and country-by-country reporting – Action 13 (06 Oct. 2015), News IBFD.">OECD-4, News 6 October 2015</extxref> and <extxref target="tns_2016-06-29_o2_1" alttext="OECD - OECD releases guidance on implementation of CbC reporting (29 June 2016), News IBFD.">OECD-1, News 29 June 2016</extxref>).</p>
			<p>In addition, the OECD Inclusive Framework approved updates to the results for preferential regime reviews conducted by the Forum on Harmful Tax Practices (FHTP) in connection with Action 5 of the OECD/G20 <url target="http://www.keepeek.com/Digital-Asset-Management/oecd/taxation/action-plan-on-base-erosion-and-profit-shifting_9789264202719-en">Action Plan on Base Erosion and Profit Shifting</url> (<emph type="i">see</emph> <extxref target="tns_2015-10-05_o2_1" alttext="OECD - OECD releases final BEPS package – summary (05 Oct. 2015), News IBFD.">OECD-1, News 5 October 2015</extxref>, <extxref target="tns_2015-10-06_o2_4" alttext="OECD - OECD releases final report on transfer pricing documentation and country-by-country reporting – Action 13 (06 Oct. 2015), News IBFD.">OECD-4, News 6 October 2015</extxref> and <extxref target="tns_2017-02-01_o2_1" alttext="&lt;!DOCTYPE html&gt;&#10;&lt;html lang=">OECD-1, News 1 February 2017</extxref>).</p>
			<p><url target="http://www.oecd.org/tax/beps/guidance-on-country-by-country-reporting-beps-action-13.htm">Further guidance</url> on country-by-country reporting addresses two issues:</p>
			
<list type="dash">
<item><label>-</label>the definition of total consolidated group revenue; and</item>
<item><label>-</label>whether non-compliance with the confidentiality, appropriate use and consistency conditions constitutes systemic failure.</item>
</list>
<p>Regarding the updates to the results for preferential regime reviews, the Inclusive Framework updated its position on Barbados as a result of Barbados's commitment to amend the rules on the international financial services and the credit for foreign currency earnings/credit for overseas projects or services.</p>
			<p>Also, Canada has abolished its regime for international banking centres, with limited grandfathering, which is consistent with the FHTP guidance. Accordingly, the Inclusive Framework updated its position on Canada.</p>
			<p>An updated table of regime results is available <url target="http://www.oecd.org/tax/beps/update-harmful-tax-practices-2017-progress-report-on-preferential-regimes.pdf">here</url>.</p>
			<p/>
			<p/>
			</tnsarticletext>
			</tnsarticle>
