<?xml version="1.0" encoding="utf-8"?>
<!-- Created 2018-02-12T13:35:28.273+01:00-->
<!DOCTYPE tnsarticle PUBLIC "-//IBFD//ELEMENTS TNS//EN" "http://dtd.ibfd.org/dtd/tns/tnsarticle.dtd">
<tnsarticle guid="tns_2018-02-12_uk_1" suppress-in-treaty-news="n" reporttype="standard"><tnsarticleinfo>
			<countrylist main="uk">
				<country cc="uk"><countryname>United Kingdom</countryname></country>
			</countrylist>
			<topics>
			<topic tc="1_5_1_13" score="3">Immovable Property Transfer Taxes</topic><topic tc="1_5_1_2" score="1">Stamp Duties / Documentary Taxes</topic><topic tc="1_5_2_4" score="1">Real Estate Holding Taxes</topic></topics>
			<onlinetitle>Draft Scotland Budget 2018-19: First-time buyer relief (consultation)</onlinetitle>
			<articledate isodate="20180212">12 February 2018</articledate>
			<author initials="vc"/>
			<correspondent>Report from Victor Chew, Senior Principal Associate, IBFD</correspondent>
			<reference><extxref target="tns_2017-12-15_uk_3">United Kingdom-3, News 15 December 2017</extxref></reference>
			<reference><extxref target="gtha_uk_s_9.3.3.">United Kingdom - Corporate Taxation - Country Surveys section 9.3.3.</extxref></reference>
			<reference><extxref target="cta_uk_s_14.3.3.2.">United Kingdom - Corporate Taxation - Country Analyses section 14.3.3.2.</extxref></reference>
			<source>https://www.revenue.scot/news/news/scottish-government-launches-consultation-first-time-buyer-relief</source>
			</tnsarticleinfo>
			<tnsarticletext>
			<p>On 9 February 2018, the Scottish Government launched a <url target="https://www.revenue.scot/news/news/scottish-government-launches-consultation-first-time-buyer-relief">consultation</url> on the first-time buyer relief, as announced in the Scottish draft Budget on 14 December 2017 (<emph type="i">see</emph> <extxref target="tns_2017-12-15_uk_3">United Kingdom-3, News 15 December 2017</extxref>). The consultation runs to 23 March 2018.</p>
			<p/>
			</tnsarticletext>
			</tnsarticle>
